0.5534123778343201,0.8739091157913208,7.462439555183664e-08,0.6907463669776917,0.7834419012069702,-0.05989878624677658,0.7629334926605225,0.5846806764602661,-0.08925122022628784,0.7389823198318481,0.41467994451522827,-0.11540449410676956,0.6319617629051208,0.34595781564712524,-0.13737928867340088,0.7006047368049622,0.4224606454372406,0.03130607306957245,0.7262240648269653,0.26776960492134094,0.03256368637084961,0.7340888977050781,0.16671320796012878,0.026184702292084694,0.7336287498474121,0.08097195625305176,0.011828086338937283,0.594183087348938,0.42264845967292786,0.020805999636650085,0.6031574010848999,0.24952641129493713,-0.04149690270423889,0.6255394220352173,0.32751885056495667,-0.07495097815990448,0.6520626544952393,0.4026187062263489,-0.06881827116012573,0.4847815930843353,0.43685561418533325,0.00010776807903312147,0.4789266288280487,0.2538355588912964,-0.03130296617746353,0.5004069805145264,0.13384541869163513,-0.04735873267054558,0.5188984274864197,0.0327494740486145,-0.052993420511484146,0.3727841377258301,0.48391035199165344,-0.02736201137304306,0.2922983169555664,0.3601924479007721,-0.029244491830468178,0.2530164420604706,0.27855178713798523,-0.020388584583997726,0.21626904606819153,0.19913044571876526,-0.01827133819460869,yaw_l
0.651556134223938,0.9095386266708374,6.682749926767428e-07,0.740429162979126,0.8628437519073486,-0.14127947390079498,0.7495507001876831,0.6972683668136597,-0.20839259028434753,0.6727997064590454,0.5412898063659668,-0.25247451663017273,0.5609073042869568,0.45845216512680054,-0.29285889863967896,0.680547297000885,0.4842795431613922,-0.1423262655735016,0.7327336668968201,0.28699398040771484,-0.21141217648983002,0.7503622174263,0.16992047429084778,-0.26480633020401,0.7389068603515625,0.06458091735839844,-0.30585938692092896,0.5738282203674316,0.4731924831867218,-0.11347279697656631,0.5495579242706299,0.2731173038482666,-0.20503292977809906,0.557345986366272,0.2487594187259674,-0.25551190972328186,0.5623730421066284,0.23188433051109314,-0.2792890965938568,0.48120346665382385,0.5143690705299377,-0.09640635550022125,0.4135150611400604,0.33450818061828613,-0.18082605302333832,0.3882432281970978,0.24392041563987732,-0.22010120749473572,0.3620978891849518,0.16993355751037598,-0.2362009882926941,0.38774803280830383,0.5954475402832031,-0.08835601806640625,0.2951548099517822,0.46535149216651917,-0.14529229700565338,0.22897061705589294,0.39942988753318787,-0.16572189331054688,0.16721761226654053,0.337346613407135,-0.17816293239593506,yaw_l
0.5287091732025146,0.8967770934104919,7.80394429966691e-07,0.6649655699729919,0.819623589515686,-0.0975358858704567,0.7609673142433167,0.6199023127555847,-0.13347895443439484,0.7149209380149841,0.4532272219657898,-0.15788739919662476,0.6058952212333679,0.3879868686199188,-0.17656512558460236,0.7014061212539673,0.4466162323951721,-0.00232315668836236,0.7290644645690918,0.2762734889984131,-0.014208251610398293,0.7441480159759521,0.15402370691299438,-0.026979293674230576,0.7476714849472046,0.05809831619262695,-0.04625476524233818,0.5851668119430542,0.43835505843162537,0.0037138855550438166,0.5699097514152527,0.25244301557540894,-0.061914920806884766,0.5853739380836487,0.30612292885780334,-0.09224031120538712,0.6017413139343262,0.38675227761268616,-0.08302612602710724,0.47981733083724976,0.45397692918777466,-0.005849153269082308,0.44846111536026,0.26590773463249207,-0.050278060138225555,0.4459063410758972,0.13716745376586914,-0.08461016416549683,0.4351750612258911,0.03469553589820862,-0.09836369007825851,0.387218177318573,0.5078436732292175,-0.02555166184902191,0.3108435869216919,0.38819101452827454,-0.05329354479908943,0.26357612013816833,0.3133593797683716,-0.06912076473236084,0.21148759126663208,0.24223703145980835,-0.07956506311893463,yaw_l
0.5943480730056763,0.8958905935287476,7.086314326443244e-07,0.7035692930221558,0.801019549369812,-0.09212995320558548,0.7362922430038452,0.5824305415153503,-0.12388823926448822,0.6567553877830505,0.424751877784729,-0.14402160048484802,0.526323676109314,0.3643925189971924,-0.1591559797525406,0.7122507691383362,0.42109858989715576,0.008919504471123219,0.7333580255508423,0.25439131259918213,-0.00023348524700850248,0.7433485984802246,0.13480886816978455,-0.016490638256072998,0.7488570213317871,0.04374513030052185,-0.03753677010536194,0.5949985980987549,0.4283697009086609,0.017165500670671463,0.5496458411216736,0.25361835956573486,-0.0405336357653141,0.5433141589164734,0.2988927960395813,-0.07608027011156082,0.5484796166419983,0.36866408586502075,-0.07361798733472824,0.4905868172645569,0.4579007923603058,0.010838903486728668,0.4392426908016205,0.27681443095207214,-0.02769077755510807,0.41564297676086426,0.14770549535751343,-0.06524380296468735,0.3865727186203003,0.04309931397438049,-0.08348863571882248,0.4060601592063904,0.5234584808349609,-0.0041569909080863,0.3208717107772827,0.41557785868644714,-0.028326649218797684,0.27212944626808167,0.3362920582294464,-0.04245840013027191,0.2228616178035736,0.26063448190689087,-0.05281337350606918,yaw_l
0.5483230352401733,0.8266415596008301,1.0314320206816774e-06,0.6595858335494995,0.7306320667266846,-0.09597089886665344,0.71770179271698,0.556735098361969,-0.14359422028064728,0.6510969996452332,0.4221996068954468,-0.1840226948261261,0.5356729626655579,0.36947521567344666,-0.22046630084514618,0.6591888070106506,0.37054941058158875,0.020844291895627975,0.6734633445739746,0.22362521290779114,0.016747890040278435,0.6771851778030396,0.11987975239753723,0.0007568893488496542,0.6718978881835938,0.042664527893066406,-0.020407075062394142,0.5476144552230835,0.3830146789550781,0.026253748685121536,0.5346168875694275,0.22733405232429504,-0.03349871188402176,0.5442456007003784,0.28693124651908875,-0.0667404979467392,0.5619124174118042,0.3566533029079437,-0.06004739925265312,0.4444330334663391,0.4115598797798157,0.016317246481776237,0.4245105981826782,0.2437080442905426,-0.009469685144722462,0.41723716259002686,0.13076579570770264,-0.027666116133332253,0.4041605591773987,0.03501060605049133,-0.03352734073996544,0.3534224033355713,0.47439563274383545,-0.005458433646708727,0.3064766824245453,0.36095359921455383,-0.009347015991806984,0.28433921933174133,0.284067839384079,-0.004747879225760698,0.2626796364784241,0.20727701485157013,-0.0026974857319146395,yaw_l
0.5238140225410461,0.8720284700393677,7.70788162185454e-08,0.6610040068626404,0.8031101226806641,-0.07708752155303955,0.7458000183105469,0.6221810579299927,-0.11482752114534378,0.7068936228752136,0.4652079939842224,-0.14280016720294952,0.611372172832489,0.38506385684013367,-0.16677826642990112,0.6940630674362183,0.44429224729537964,-0.028210101649165154,0.7173863053321838,0.28457432985305786,-0.06127549707889557,0.7262188196182251,0.17743083834648132,-0.08787229657173157,0.7253535389900208,0.0805988609790802,-0.11289072036743164,0.5867865681648254,0.43395063281059265,-0.031131185591220856,0.5670738816261292,0.25109291076660156,-0.12131978571414948,0.582366406917572,0.31734487414360046,-0.15898586809635162,0.6052262187004089,0.39484989643096924,-0.15420463681221008,0.4820222854614258,0.4477683901786804,-0.0447920598089695,0.4538894295692444,0.26465803384780884,-0.10823938250541687,0.4363595247268677,0.14069455862045288,-0.13224714994430542,0.41878241300582886,0.042017191648483276,-0.13605472445487976,0.38075515627861023,0.4919661581516266,-0.06428975611925125,0.315089613199234,0.35988619923591614,-0.0946744978427887,0.2744213044643402,0.2776867151260376,-0.09496905654668808,0.23314601182937622,0.2005150020122528,-0.09377877414226532,yaw_l
0.45839831233024597,0.8824775218963623,7.304698783627828e-07,0.611431360244751,0.8069638013839722,-0.08999428898096085,0.6957799792289734,0.5948977470397949,-0.11241445690393448,0.6341359615325928,0.4244970381259918,-0.12420347332954407,0.5040432810783386,0.3736438751220703,-0.13109685480594635,0.628353476524353,0.44645318388938904,0.024753527715802193,0.6620900630950928,0.28132903575897217,0.023899884894490242,0.6749105453491211,0.17311744391918182,0.010002098977565765,0.6796320676803589,0.0780729353427887,-0.011800152249634266,0.5185205936431885,0.4383072853088379,0.03412552922964096,0.49364447593688965,0.25895240902900696,-0.026278872042894363,0.5098554491996765,0.3049249053001404,-0.062265679240226746,0.5355200171470642,0.3832988142967224,-0.0581090971827507,0.4179096817970276,0.450639545917511,0.028521696105599403,0.39244359731674194,0.26623237133026123,-0.007180256303399801,0.3992370665073395,0.13496851921081543,-0.04097086191177368,0.39818698167800903,0.029764652252197266,-0.05552220717072487,0.32799965143203735,0.4927777349948883,0.013246668502688408,0.30058276653289795,0.3631574511528015,0.0002784625394269824,0.28865018486976624,0.2772423028945923,-0.00889064185321331,0.2702956199645996,0.19596903026103973,-0.01786968857049942,yaw_l
0.5297247767448425,0.9550586342811584,8.558087074561627e-07,0.6866956949234009,0.8702660799026489,-0.10820702463388443,0.7611205577850342,0.6354689598083496,-0.14675159752368927,0.6871702075004578,0.4508911371231079,-0.1725418120622635,0.5477803945541382,0.39520615339279175,-0.19256481528282166,0.6672382950782776,0.46918827295303345,0.016511989757418633,0.6892814636230469,0.28488069772720337,0.01491493172943592,0.6915423274040222,0.16252020001411438,0.004479969851672649,0.6850013136863708,0.05631271004676819,-0.016224330291152,0.54575514793396,0.47415444254875183,0.025640014559030533,0.5122442245483398,0.27020561695098877,-0.051061756908893585,0.5407268404960632,0.3398069739341736,-0.08870624005794525,0.5832188129425049,0.43673181533813477,-0.07760696113109589,0.4328267276287079,0.49550580978393555,0.017656376585364342,0.3904443681240082,0.2977094054222107,-0.023716870695352554,0.377718448638916,0.1537388265132904,-0.05676530674099922,0.35897162556648254,0.037046581506729126,-0.06857316195964813,0.3348088264465332,0.5459592342376709,-0.00213649682700634,0.28164011240005493,0.3974095284938812,-0.01488509401679039,0.2492922842502594,0.301024466753006,-0.023073609918355942,0.20894291996955872,0.20662713050842285,-0.03175490349531174,yaw_l
0.5413835048675537,0.8983770608901978,2.0935162581281475e-07,0.6651514768600464,0.8149447441101074,-0.10078179091215134,0.7292767763137817,0.6384456157684326,-0.13538707792758942,0.6685763597488403,0.48336291313171387,-0.14716893434524536,0.5663572549819946,0.39942100644111633,-0.15233804285526276,0.7004221677780151,0.4538101553916931,-0.07405752688646317,0.7436312437057495,0.26761066913604736,-0.11786330491304398,0.7600955963134766,0.1446671187877655,-0.1493232101202011,0.7683974504470825,0.04288893938064575,-0.17429514229297638,0.5886144042015076,0.4461056590080261,-0.059064269065856934,0.5685673952102661,0.2629452347755432,-0.13146020472049713,0.5577192306518555,0.3270551562309265,-0.15488852560520172,0.5595118403434753,0.4041433036327362,-0.14560851454734802,0.48213037848472595,0.463906854391098,-0.05833599343895912,0.4457741975784302,0.27832239866256714,-0.11591200530529022,0.4194568395614624,0.15297499299049377,-0.15445946156978607,0.39047107100486755,0.040087223052978516,-0.17168545722961426,0.3916413187980652,0.5220646858215332,-0.06410925090312958,0.30912309885025024,0.4043656587600708,-0.09568889439105988,0.2698374390602112,0.3289397954940796,-0.10707346349954605,0.22381994128227234,0.2609599232673645,-0.11493591964244843,yaw_l
0.49767374992370605,0.885094404220581,7.029191237961641e-07,0.6409751772880554,0.7972968220710754,-0.09114472568035126,0.7077157497406006,0.5837967395782471,-0.11341096460819244,0.6312857866287231,0.42437127232551575,-0.1245298907160759,0.49873465299606323,0.38203856348991394,-0.13042813539505005,0.6417819261550903,0.42976003885269165,0.02206873893737793,0.6634559631347656,0.2581183910369873,0.01928272284567356,0.6706497669219971,0.1465454399585724,0.004346936009824276,0.6680850982666016,0.053376078605651855,-0.017117049545049667,0.5289735794067383,0.4271566867828369,0.03193152695894241,0.4905075430870056,0.24867774546146393,-0.03048752062022686,0.5092318654060364,0.2935068607330322,-0.06753300130367279,0.5320810675621033,0.37662509083747864,-0.06329266726970673,0.42731261253356934,0.44845813512802124,0.02662847563624382,0.3868579566478729,0.2647780776023865,-0.01078950334340334,0.3808656930923462,0.1349107325077057,-0.047180041670799255,0.36670199036598206,0.03552818298339844,-0.0619078204035759,0.3399060368537903,0.498960018157959,0.011727714911103249,0.3010702431201935,0.3708612620830536,-0.005031593609601259,0.2824973464012146,0.282192587852478,-0.017643209546804428,0.2591359317302704,0.2003875970840454,-0.02710912376642227,yaw_l
0.6220685243606567,0.9262340068817139,1.9426216191220647e-09,0.7395429015159607,0.8623981475830078,-0.10739466547966003,0.7649770379066467,0.6823326945304871,-0.1666351705789566,0.6926010847091675,0.5273698568344116,-0.20950697362422943,0.5721273422241211,0.4390052258968353,-0.24605917930603027,0.6956126689910889,0.465923935174942,-0.0868191346526146,0.7397177219390869,0.2690475583076477,-0.14236459136009216,0.7510027885437012,0.1561410129070282,-0.18735933303833008,0.7394452095031738,0.047476381063461304,-0.2267000824213028,0.5830205678939819,0.47037118673324585,-0.08349522203207016,0.5661078691482544,0.27839595079421997,-0.21101394295692444,0.5931003093719482,0.36180514097213745,-0.27205896377563477,0.6156467199325562,0.44312039017677307,-0.28249961137771606,0.47719860076904297,0.5077801942825317,-0.09001923352479935,0.4270201623439789,0.30939531326293945,-0.1789620816707611,0.4035736620426178,0.18326660990715027,-0.21097655594348907,0.37137719988822937,0.07404625415802002,-0.21917197108268738,0.3754674792289734,0.5782070159912109,-0.10334830731153488,0.2929637134075165,0.45086556673049927,-0.14636103808879852,0.23690707981586456,0.3811763823032379,-0.14899329841136932,0.1739073097705841,0.3141639828681946,-0.15007512271404266,yaw_l
0.44395968317985535,0.830797553062439,6.282375579758082e-07,0.5526377558708191,0.7806433439254761,-0.11544862389564514,0.6115984320640564,0.6059452295303345,-0.15877577662467957,0.5365397334098816,0.45312610268592834,-0.18373478949069977,0.42501673102378845,0.3802565038204193,-0.19959518313407898,0.6541998982429504,0.4217265546321869,-0.04192103073000908,0.7097817659378052,0.25021448731422424,-0.06906319409608841,0.7501803040504456,0.134812131524086,-0.09094179421663284,0.7813618183135986,0.0452595055103302,-0.11524901539087296,0.53585284948349,0.39510998129844666,-0.02740781009197235,0.5427056550979614,0.24900975823402405,-0.10654429346323013,0.5056104063987732,0.3274962902069092,-0.13663731515407562,0.47834864258766174,0.4140477776527405,-0.12664540112018585,0.43115535378456116,0.40435731410980225,-0.029566330835223198,0.4267615079879761,0.24396029114723206,-0.08094853162765503,0.43058648705482483,0.13423077762126923,-0.1152590960264206,0.42984265089035034,0.029592394828796387,-0.1296377032995224,0.3326772451400757,0.4600716233253479,-0.042744748294353485,0.2669641673564911,0.3508720397949219,-0.07478562742471695,0.23056158423423767,0.28112131357192993,-0.08958081901073456,0.1969822645187378,0.20388288795948029,-0.0985468178987503,yaw_l
0.5869874954223633,0.9509678483009338,-8.26336474801792e-08,0.7234411835670471,0.8730583190917969,-0.09558182209730148,0.7765675187110901,0.6618759632110596,-0.1418030560016632,0.6876932382583618,0.5063672661781311,-0.17232830822467804,0.55983567237854,0.43368878960609436,-0.1972656548023224,0.7098230123519897,0.46104541420936584,-0.05161748453974724,0.7545962333679199,0.27500033378601074,-0.08828538656234741,0.7672642469406128,0.16420897841453552,-0.12232939153909683,0.7685151100158691,0.05804508924484253,-0.15535153448581696,0.5924686789512634,0.4590160548686981,-0.04702445864677429,0.5507075786590576,0.26767486333847046,-0.14687436819076538,0.5639457702636719,0.3383985757827759,-0.20258143544197083,0.59358811378479,0.41681209206581116,-0.210962176322937,0.4842568039894104,0.48829105496406555,-0.05106925591826439,0.4264369010925293,0.28889477252960205,-0.11841350793838501,0.4030994176864624,0.15917876362800598,-0.14677946269512177,0.3865003287792206,0.048871368169784546,-0.15490107238292694,0.3837375044822693,0.5540345311164856,-0.06131434440612793,0.2897877097129822,0.4386465847492218,-0.09169182181358337,0.23296651244163513,0.3715290427207947,-0.09008161723613739,0.1812877357006073,0.30571091175079346,-0.08799579739570618,yaw_l
0.49709978699684143,0.8675706386566162,6.419971896320931e-07,0.6210907697677612,0.790867805480957,-0.0961788222193718,0.709579348564148,0.6290489435195923,-0.1411171704530716,0.6726887822151184,0.4902338981628418,-0.17375902831554413,0.5808601379394531,0.4014763832092285,-0.20211578905582428,0.6670107841491699,0.4194655418395996,-0.027010619640350342,0.6992651224136353,0.2592218816280365,-0.06223706156015396,0.7072949409484863,0.14372819662094116,-0.09705372154712677,0.7080180048942566,0.047604531049728394,-0.1258549839258194,0.5565937757492065,0.4124956429004669,-0.01874002255499363,0.5273482203483582,0.24005457758903503,-0.09719949215650558,0.5418700575828552,0.29685693979263306,-0.13445423543453217,0.5695883631706238,0.37532907724380493,-0.1301899254322052,0.45028576254844666,0.4318031668663025,-0.024384304881095886,0.41395798325538635,0.24914778769016266,-0.07180991768836975,0.3922484517097473,0.12935411930084229,-0.0954073816537857,0.37040844559669495,0.03297781944274902,-0.10069309920072556,0.35840439796447754,0.48932528495788574,-0.03916853293776512,0.308675616979599,0.3648897707462311,-0.0555262565612793,0.28576427698135376,0.28281688690185547,-0.051750440150499344,0.2599341571331024,0.20715241134166718,-0.04739607498049736,yaw_l
0.5179858803749084,0.8762692213058472,3.062386326746491e-07,0.6547410488128662,0.7929333448410034,-0.07541629672050476,0.7296654582023621,0.6098962426185608,-0.11429015547037125,0.7098526954650879,0.4633195698261261,-0.14675778150558472,0.6363934278488159,0.37360113859176636,-0.17461833357810974,0.6537275910377502,0.4282246530056,-0.01014340203255415,0.6907354593276978,0.2669169008731842,-0.0497598797082901,0.7070929408073425,0.15439000725746155,-0.08607116341590881,0.7118562459945679,0.05959489941596985,-0.11611083149909973,0.5487452149391174,0.4223744571208954,-0.017007920891046524,0.5233572721481323,0.23769110441207886,-0.11792570352554321,0.5552997589111328,0.3006437420845032,-0.1668993979692459,0.5986407995223999,0.3779638111591339,-0.16709676384925842,0.44270551204681396,0.4429137408733368,-0.03567711263895035,0.40927502512931824,0.26016125082969666,-0.09505262970924377,0.3924174904823303,0.1424451768398285,-0.1164247989654541,0.37741658091545105,0.04549890756607056,-0.1186641976237297,0.34578362107276917,0.49621859192848206,-0.06209443882107735,0.29748308658599854,0.3656946122646332,-0.07896866649389267,0.2759571075439453,0.2863776981830597,-0.07112335413694382,0.2524452805519104,0.21261177957057953,-0.06525834649801254,yaw_l
0.5458937287330627,0.886038064956665,3.516953768212261e-07,0.6772923469543457,0.8084235787391663,-0.0999273806810379,0.7416671514511108,0.6454681754112244,-0.14653262495994568,0.6663545370101929,0.5076354146003723,-0.17791791260242462,0.5673845410346985,0.4260752201080322,-0.2039746344089508,0.7167304754257202,0.4360406696796417,-0.059315018355846405,0.753424882888794,0.2580545246601105,-0.10700887441635132,0.7592645287513733,0.1378951370716095,-0.1462574005126953,0.7545875310897827,0.040192484855651855,-0.1792592704296112,0.6049979329109192,0.4315240681171417,-0.05277872458100319,0.5715363621711731,0.25189146399497986,-0.1532590538263321,0.5445206761360168,0.30505385994911194,-0.20178698003292084,0.5382977724075317,0.38210248947143555,-0.2055928111076355,0.49726778268814087,0.45880165696144104,-0.05878029391169548,0.44315361976623535,0.2789360284805298,-0.13319775462150574,0.39473897218704224,0.15713462233543396,-0.17085687816143036,0.3573889136314392,0.06310555338859558,-0.1826581358909607,0.3997957110404968,0.5184907913208008,-0.07192309945821762,0.31297314167022705,0.39742496609687805,-0.11886818706989288,0.2594711184501648,0.32120534777641296,-0.13217830657958984,0.21374520659446716,0.252553254365921,-0.13632631301879883,yaw_l
0.5201649069786072,0.8963651061058044,5.386386305872293e-07,0.6573177576065063,0.8081937432289124,-0.0865371972322464,0.7473106384277344,0.6060371994972229,-0.1153566986322403,0.6961407661437988,0.4407162666320801,-0.13482993841171265,0.5884006023406982,0.3716016411781311,-0.1489822417497635,0.7001354694366455,0.4483543932437897,0.007611339446157217,0.731864333152771,0.281486451625824,-0.0042445724830031395,0.7410511374473572,0.16378310322761536,-0.018534908071160316,0.742003321647644,0.06696668267250061,-0.03945687785744667,0.5826683640480042,0.4379165470600128,0.010579993948340416,0.561407208442688,0.25118526816368103,-0.0537710040807724,0.5727778077125549,0.2993355393409729,-0.08703574538230896,0.591716468334198,0.3724976181983948,-0.08245494961738586,0.4766613841056824,0.44980865716934204,-0.001033114269375801,0.4498177468776703,0.26154428720474243,-0.04394222050905228,0.4539617896080017,0.13584211468696594,-0.07821585983037949,0.4542045593261719,0.03353133797645569,-0.09387195855379105,0.3855840563774109,0.4987563490867615,-0.02177981100976467,0.31090375781059265,0.38453352451324463,-0.04900144040584564,0.2677677571773529,0.3092361092567444,-0.06562697142362595,0.22437113523483276,0.23635756969451904,-0.07766880840063095,yaw_l
0.49399635195732117,0.8879732489585876,6.245023200790456e-07,0.6297541260719299,0.8150677680969238,-0.09123384952545166,0.7245806455612183,0.6172665953636169,-0.12515418231487274,0.6872790455818176,0.4581858515739441,-0.1511087417602539,0.5742738842964172,0.3918936252593994,-0.17208309471607208,0.6684064865112305,0.4353139400482178,0.018665548413991928,0.6869159936904907,0.2763126790523529,0.005693512503057718,0.691371500492096,0.16966459155082703,-0.013737392611801624,0.6848427057266235,0.0779416561126709,-0.03780084848403931,0.5601908564567566,0.43171584606170654,0.019457153975963593,0.5437502264976501,0.2552081346511841,-0.062432724982500076,0.5712025165557861,0.3206445872783661,-0.10380395501852036,0.6008978486061096,0.4158025085926056,-0.09701180458068848,0.4552639126777649,0.4473222494125366,0.003887428902089596,0.4239049255847931,0.26330095529556274,-0.04405274614691734,0.4103994369506836,0.13290244340896606,-0.07850736379623413,0.39012864232063293,0.025608330965042114,-0.09053158015012741,0.3630838692188263,0.49651241302490234,-0.022168681025505066,0.3185264468193054,0.37312352657318115,-0.0402570515871048,0.2874050438404083,0.2911139130592346,-0.04945898428559303,0.247575581073761,0.20840393006801605,-0.05733982101082802,yaw_l
0.672081708908081,0.9072918891906738,1.2651399856622447e-06,0.7762227654457092,0.8589157462120056,-0.15154491364955902,0.7798184156417847,0.6876881122589111,-0.22145047783851624,0.7047783136367798,0.5321090221405029,-0.2699846625328064,0.5958308577537537,0.4487829804420471,-0.31325703859329224,0.6733181476593018,0.4913807809352875,-0.1570936143398285,0.7111760973930359,0.2830740511417389,-0.23835350573062897,0.7263595461845398,0.16989436745643616,-0.2898201048374176,0.7134649753570557,0.07116904854774475,-0.32141387462615967,0.5586683750152588,0.4800250232219696,-0.12866787612438202,0.5104673504829407,0.25455552339553833,-0.2180418223142624,0.46971356868743896,0.16275322437286377,-0.2644383907318115,0.4369109869003296,0.082622230052948,-0.28783026337623596,0.46929454803466797,0.5252863168716431,-0.11537758260965347,0.43324145674705505,0.3547324538230896,-0.2246263027191162,0.470491886138916,0.3608981668949127,-0.25909945368766785,0.4965602159500122,0.367134153842926,-0.25667181611061096,0.3880807161331177,0.6078788042068481,-0.11153468489646912,0.28495997190475464,0.46584782004356384,-0.18677620589733124,0.20898310840129852,0.3843924403190613,-0.20853260159492493,0.1441662311553955,0.3132631182670593,-0.21454648673534393,yaw_l
0.4981426000595093,0.8775522708892822,6.57198825138039e-07,0.6212799549102783,0.7945812940597534,-0.09171564131975174,0.7041373252868652,0.6315165758132935,-0.13757309317588806,0.669582188129425,0.49095243215560913,-0.17424586415290833,0.5884195566177368,0.39573433995246887,-0.20649461448192596,0.667050838470459,0.42227959632873535,-0.016366655007004738,0.7000161409378052,0.26176050305366516,-0.052082281559705734,0.7097207307815552,0.1426669955253601,-0.08763596415519714,0.7123521566390991,0.0448070764541626,-0.11728773266077042,0.554740846157074,0.4169095754623413,-0.013684292323887348,0.5271853804588318,0.2450801581144333,-0.09226648509502411,0.5411728620529175,0.2934796214103699,-0.13061819970607758,0.5661951303482056,0.35929402709007263,-0.12800760567188263,0.4472544491291046,0.43541252613067627,-0.025403477251529694,0.4145759046077728,0.25364822149276733,-0.07415791600942612,0.3927713930606842,0.1276898980140686,-0.09605222940444946,0.36927714943885803,0.024884164333343506,-0.10101690143346786,0.3522161841392517,0.4918249845504761,-0.046562373638153076,0.30732041597366333,0.3689578175544739,-0.0654493123292923,0.2870430052280426,0.2861855626106262,-0.06060083582997322,0.2636192739009857,0.2101784646511078,-0.05557717755436897,yaw_l
0.5612542629241943,0.9030503034591675,3.64668863994666e-08,0.7059329152107239,0.8175313472747803,-0.08744445443153381,0.7721846103668213,0.6312649250030518,-0.13388465344905853,0.7170432806015015,0.48183366656303406,-0.17162592709064484,0.5979278683662415,0.4153306484222412,-0.20548518002033234,0.6892533898353577,0.4358569383621216,-0.03798842802643776,0.7260096073150635,0.24571166932582855,-0.07278098165988922,0.7390334606170654,0.14203819632530212,-0.10496208071708679,0.7330913543701172,0.04515540599822998,-0.13704964518547058,0.5797528028488159,0.4353519678115845,-0.04224415495991707,0.5651696920394897,0.2532265782356262,-0.15752162039279938,0.5676562190055847,0.33919304609298706,-0.2221881002187729,0.5717425346374512,0.427799254655838,-0.23526877164840698,0.47452548146247864,0.4640616476535797,-0.05503490939736366,0.44093072414398193,0.2709936499595642,-0.1335652619600296,0.4106183648109436,0.14833229780197144,-0.17098787426948547,0.3774457275867462,0.05072396993637085,-0.18363867700099945,0.3698357343673706,0.520963191986084,-0.07380595058202744,0.3035483956336975,0.3845287561416626,-0.11154589802026749,0.2592116594314575,0.30269044637680054,-0.117853544652462,0.21095150709152222,0.22423097491264343,-0.12172387540340424,yaw_l
0.529501736164093,0.8994042873382568,5.122692527947947e-07,0.6738730072975159,0.8117809891700745,-0.07462313771247864,0.7749437093734741,0.5984558463096619,-0.09599757194519043,0.7316204309463501,0.42084962129592896,-0.10953573137521744,0.6136044859886169,0.34776729345321655,-0.1192256361246109,0.6994957327842712,0.4520285725593567,0.015358809381723404,0.7182573080062866,0.286687433719635,0.008416557684540749,0.7280736565589905,0.16905269026756287,-0.0024380318354815245,0.7320307493209839,0.07005980610847473,-0.021617887541651726,0.5877857804298401,0.4385856091976166,0.014443312771618366,0.573628306388855,0.24932512640953064,-0.043190497905015945,0.5855160355567932,0.29178693890571594,-0.072442926466465,0.6005266308784485,0.36274391412734985,-0.06722231209278107,0.48358026146888733,0.4505667984485626,0.0005709876422770321,0.457284152507782,0.26077747344970703,-0.042539652436971664,0.4549815058708191,0.13533097505569458,-0.07522980123758316,0.4443207383155823,0.039885908365249634,-0.0898173525929451,0.3874428868293762,0.5005912184715271,-0.020765744149684906,0.30654144287109375,0.38096901774406433,-0.05238131433725357,0.2533397972583771,0.3050180971622467,-0.07019016146659851,0.19654127955436707,0.23430387675762177,-0.0824199989438057,yaw_l
0.5390200614929199,0.8910839557647705,2.3745990063162026e-07,0.6631457209587097,0.8120001554489136,-0.10189300030469894,0.7235686779022217,0.6344504952430725,-0.13364891707897186,0.6669748425483704,0.47404128313064575,-0.1419677585363388,0.5655657052993774,0.3946060538291931,-0.14189457893371582,0.6982634663581848,0.4538702368736267,-0.07042058557271957,0.7378286719322205,0.2694459855556488,-0.11412191390991211,0.7572822570800781,0.14874371886253357,-0.1437682807445526,0.7694383263587952,0.04659774899482727,-0.16774556040763855,0.5829498767852783,0.4421338140964508,-0.05628025531768799,0.5667973756790161,0.26369261741638184,-0.1281297504901886,0.5618636608123779,0.33416080474853516,-0.1501641720533371,0.5638620853424072,0.4191899299621582,-0.13844838738441467,0.4753338694572449,0.4582597613334656,-0.05711258575320244,0.43922603130340576,0.2794802784919739,-0.11418641358613968,0.41764646768569946,0.15584821999073029,-0.15612532198429108,0.3893822133541107,0.040827035903930664,-0.17517443001270294,0.3863259553909302,0.5201854705810547,-0.0649404227733612,0.3066447377204895,0.4076680541038513,-0.09603076428174973,0.2688482999801636,0.33806127309799194,-0.10959337651729584,0.21696776151657104,0.2735176682472229,-0.11884452402591705,yaw_l
0.4794034957885742,0.9099712371826172,5.750844138674438e-07,0.60789954662323,0.837925374507904,-0.1092967689037323,0.6803101897239685,0.6514496803283691,-0.1484573632478714,0.6272836327552795,0.4939486086368561,-0.17426446080207825,0.5188935399055481,0.4135415256023407,-0.19411538541316986,0.6505106091499329,0.4537366032600403,-0.005132603924721479,0.6657464504241943,0.27652525901794434,-0.017917323857545853,0.6614329814910889,0.1586206555366516,-0.03823479264974594,0.6509928703308105,0.05983448028564453,-0.06283626705408096,0.5400833487510681,0.449304461479187,0.008635977283120155,0.5188984870910645,0.26476824283599854,-0.06388333439826965,0.5224930644035339,0.316304087638855,-0.10366934537887573,0.5380498170852661,0.40275269746780396,-0.09985080361366272,0.43802884221076965,0.46845364570617676,0.005914469249546528,0.42118632793426514,0.2762499451637268,-0.036421917378902435,0.41710835695266724,0.14021903276443481,-0.07202665507793427,0.4088149964809418,0.03343290090560913,-0.08594164997339249,0.34964290261268616,0.5172945261001587,-0.008030724711716175,0.32083842158317566,0.3771432340145111,-0.02636886201798916,0.30455589294433594,0.28341177105903625,-0.03777565807104111,0.28729698061943054,0.19574211537837982,-0.046115171164274216,yaw_l
0.5317675471305847,0.8955895900726318,5.353784331418865e-07,0.6896045804023743,0.8255859613418579,-0.08688688278198242,0.7966559529304504,0.6315072774887085,-0.12781578302383423,0.7654712200164795,0.47158166766166687,-0.15949179232120514,0.6362918615341187,0.44928547739982605,-0.18912604451179504,0.6842999458312988,0.4290134906768799,-0.021793758496642113,0.6895549297332764,0.2625111937522888,-0.04820731654763222,0.688235878944397,0.15165814757347107,-0.07138774544000626,0.6826159954071045,0.054578304290771484,-0.09747336804866791,0.5684868693351746,0.4293825924396515,-0.02501790225505829,0.5501651763916016,0.25031548738479614,-0.11565789580345154,0.5725895166397095,0.32328182458877563,-0.15630404651165009,0.6025416254997253,0.4085169732570648,-0.15112879872322083,0.46349623799324036,0.45569950342178345,-0.041062187403440475,0.42592817544937134,0.2804386615753174,-0.102326899766922,0.4055488705635071,0.14899593591690063,-0.14141958951950073,0.38285529613494873,0.03975111246109009,-0.1562069058418274,0.36804676055908203,0.517791748046875,-0.06452016532421112,0.29699522256851196,0.39654436707496643,-0.09519292414188385,0.2483111321926117,0.3169729709625244,-0.10835226625204086,0.1930314302444458,0.24179191887378693,-0.11804328113794327,yaw_l
0.4969004690647125,0.8867619037628174,2.7787115186583833e-07,0.6316899657249451,0.8122749924659729,-0.0875430479645729,0.7207363843917847,0.6217616200447083,-0.1269555389881134,0.6914654970169067,0.46667003631591797,-0.15831580758094788,0.587096095085144,0.39548325538635254,-0.18539227545261383,0.6579403877258301,0.4309888184070587,0.011614736169576645,0.6822294592857361,0.2745325267314911,-0.005668582860380411,0.6906825304031372,0.17159369587898254,-0.03228079527616501,0.6873321533203125,0.08295118808746338,-0.061081413179636,0.5542808175086975,0.43110227584838867,0.009749138727784157,0.5510772466659546,0.2550566792488098,-0.07889686524868011,0.5722410678863525,0.33752211928367615,-0.1248827651143074,0.5983758568763733,0.4370723068714142,-0.12087410688400269,0.45017364621162415,0.44730448722839355,-0.006483606528490782,0.43555203080177307,0.2569778263568878,-0.05654424428939819,0.4119686782360077,0.1281093955039978,-0.0842493548989296,0.3825327754020691,0.023911654949188232,-0.09216750413179398,0.35429102182388306,0.49382033944129944,-0.032051075249910355,0.3108484148979187,0.3674755096435547,-0.049521926790475845,0.2802881598472595,0.2855992615222931,-0.04890841990709305,0.24433493614196777,0.20400410890579224,-0.049364443868398666,yaw_l
0.5911935567855835,0.9512647390365601,2.3881440824879974e-07,0.7337583303451538,0.8685030937194824,-0.11076315492391586,0.8153241872787476,0.7098039388656616,-0.172336146235466,0.751062273979187,0.5705110430717468,-0.2164670079946518,0.6182723045349121,0.563037633895874,-0.25449538230895996,0.7414735555648804,0.47231897711753845,-0.07604394108057022,0.7788306474685669,0.28685903549194336,-0.11680582165718079,0.7873842716217041,0.1670718491077423,-0.13984966278076172,0.7846291661262512,0.074207603931427,-0.16222251951694489,0.6199555397033691,0.4679429233074188,-0.07187565416097641,0.6255010366439819,0.31611913442611694,-0.1749599575996399,0.6315510272979736,0.4528452455997467,-0.19906125962734222,0.6466047763824463,0.5568571090698242,-0.17906558513641357,0.507547914981842,0.4887980818748474,-0.08435872942209244,0.45269012451171875,0.29534709453582764,-0.16336454451084137,0.3911815583705902,0.17243725061416626,-0.20342116057872772,0.3312080502510071,0.0564461350440979,-0.21733474731445312,0.4044533967971802,0.5523207187652588,-0.10386333614587784,0.29963982105255127,0.42620980739593506,-0.1490098536014557,0.2352069616317749,0.35251498222351074,-0.16229955852031708,0.16755694150924683,0.27859973907470703,-0.1703340709209442,yaw_l
0.5576822757720947,0.9419503211975098,1.7751114000930102e-07,0.7089501619338989,0.8599096536636353,-0.11645348370075226,0.7803019881248474,0.7068451642990112,-0.1707535684108734,0.693364143371582,0.5885190367698669,-0.20167411863803864,0.5626195669174194,0.5802187323570251,-0.22446539998054504,0.7066035866737366,0.4645310044288635,-0.09320636093616486,0.7334940433502197,0.26841700077056885,-0.14684933423995972,0.7368406057357788,0.14679574966430664,-0.18289749324321747,0.7278307676315308,0.045178234577178955,-0.21119818091392517,0.5803079605102539,0.46162545680999756,-0.08160145580768585,0.5684182047843933,0.3134807348251343,-0.1880815029144287,0.5762617588043213,0.4443504810333252,-0.21757841110229492,0.5968769788742065,0.555496335029602,-0.20239943265914917,0.46658018231391907,0.48720782995224,-0.08647465705871582,0.4004305303096771,0.2995317578315735,-0.16920365393161774,0.3340015411376953,0.18254026770591736,-0.2116617113351822,0.2689199447631836,0.0726342499256134,-0.22467130422592163,0.37305372953414917,0.5503782033920288,-0.09752100706100464,0.2938527464866638,0.41112929582595825,-0.13667744398117065,0.25070464611053467,0.32625073194503784,-0.14187569916248322,0.19640451669692993,0.24863073229789734,-0.14301656186580658,yaw_l
0.5129740834236145,0.8030493259429932,8.078166615632654e-07,0.6125973463058472,0.7274748682975769,-0.09317540377378464,0.6584079265594482,0.5550629496574402,-0.12928925454616547,0.582055926322937,0.4220578074455261,-0.1534663438796997,0.4650501310825348,0.37168025970458984,-0.17223410308361053,0.6495855450630188,0.3865087628364563,-0.0033695402089506388,0.6814890503883362,0.2207571268081665,-0.013457730412483215,0.6943495273590088,0.11952397227287292,-0.032482683658599854,0.7033452391624451,0.03478574752807617,-0.05546756088733673,0.5410830974578857,0.38308045268058777,0.005254864227026701,0.517668604850769,0.22548851370811462,-0.05745513737201691,0.5087804198265076,0.2751908302307129,-0.09337736666202545,0.5154959559440613,0.3443182408809662,-0.09007461369037628,0.4433058500289917,0.4038843810558319,0.0009333785274066031,0.41601961851119995,0.2423858344554901,-0.032790519297122955,0.4059291481971741,0.13153019547462463,-0.061039961874485016,0.39224323630332947,0.034107744693756104,-0.07279113680124283,0.36018335819244385,0.4592474102973938,-0.01302791852504015,0.3185090720653534,0.357877254486084,-0.026040993630886078,0.30436939001083374,0.289813756942749,-0.028247036039829254,0.28970932960510254,0.2230335921049118,-0.029898641631007195,yaw_l
0.5200204849243164,0.8908311724662781,4.566432778574381e-07,0.6780804395675659,0.8306511640548706,-0.07951810210943222,0.7845902442932129,0.6308871507644653,-0.11393104493618011,0.7705448865890503,0.46232283115386963,-0.14148922264575958,0.6475859880447388,0.44890767335891724,-0.167026087641716,0.6717789173126221,0.432538241147995,-0.010532232001423836,0.6773010492324829,0.26715442538261414,-0.03306977078318596,0.6788875460624695,0.15718868374824524,-0.053993746638298035,0.6741751432418823,0.061634719371795654,-0.07957267761230469,0.5588087439537048,0.43020766973495483,-0.01802024058997631,0.5439573526382446,0.25834786891937256,-0.11109599471092224,0.572597861289978,0.3308395743370056,-0.1530946046113968,0.6032359004020691,0.41880133748054504,-0.1473909467458725,0.45565852522850037,0.45378246903419495,-0.03814376890659332,0.41922202706336975,0.2797616124153137,-0.09998556971549988,0.4026201069355011,0.14549210667610168,-0.14017941057682037,0.38283026218414307,0.034468263387680054,-0.1554632931947708,0.3614087402820587,0.5125401020050049,-0.06570117175579071,0.2950553894042969,0.3912462890148163,-0.09650372713804245,0.24758905172348022,0.3106684684753418,-0.1115313172340393,0.19429156184196472,0.23310841619968414,-0.12311100959777832,yaw_l
0.47687265276908875,0.8900728225708008,6.483878678409383e-07,0.617882490158081,0.810692310333252,-0.08657613396644592,0.7158294916152954,0.6106843948364258,-0.1179741770029068,0.6752744913101196,0.44220462441444397,-0.14202499389648438,0.5638307929039001,0.36496004462242126,-0.16022047400474548,0.663765549659729,0.44691038131713867,0.046118367463350296,0.6940970420837402,0.29906219244003296,0.044186029583215714,0.7085694670677185,0.20193268358707428,0.027474654838442802,0.7153321504592896,0.11351901292800903,0.0038353546988219023,0.5553920269012451,0.43946895003318787,0.04758768901228905,0.5461521744728088,0.2538405656814575,-0.019708171486854553,0.56672203540802,0.3193238377571106,-0.060479141771793365,0.5956245064735413,0.41038089990615845,-0.055660028010606766,0.45102086663246155,0.449242502450943,0.032702188938856125,0.42975372076034546,0.2598429024219513,-0.006094527430832386,0.4164450168609619,0.12863874435424805,-0.03891512751579285,0.3986658751964569,0.02105972170829773,-0.05115636810660362,0.35821980237960815,0.49145975708961487,0.008095653727650642,0.3148624897003174,0.36439478397369385,-0.0009182480280287564,0.2867377996444702,0.284080445766449,-0.0036738566122949123,0.2534507215023041,0.20594455301761627,-0.008162944577634335,yaw_l
0.5596838593482971,0.8944693803787231,7.151046474973555e-07,0.6971682906150818,0.8078105449676514,-0.06896460056304932,0.7946760058403015,0.5954161882400513,-0.09704072773456573,0.7654090523719788,0.419499933719635,-0.12022338062524796,0.6457331776618958,0.3629211485385895,-0.1398845911026001,0.6946983933448792,0.43658554553985596,0.019836202263832092,0.7034114599227905,0.27975741028785706,0.016858750954270363,0.7134124636650085,0.1680372953414917,0.008166392333805561,0.7088285088539124,0.07806992530822754,-0.010587980970740318,0.5870252251625061,0.43022575974464417,0.011053483933210373,0.579245388507843,0.25065743923187256,-0.04497799277305603,0.6082895994186401,0.2904946804046631,-0.07529834657907486,0.6293029189109802,0.3495146930217743,-0.07206681370735168,0.48415952920913696,0.446486234664917,-0.010418049059808254,0.45808953046798706,0.25898414850234985,-0.053277306258678436,0.45830488204956055,0.13160941004753113,-0.08864273130893707,0.44594264030456543,0.029518216848373413,-0.10683742165565491,0.3885151147842407,0.5021722912788391,-0.03905295953154564,0.3017970621585846,0.38801896572113037,-0.06986057758331299,0.24261537194252014,0.3159964084625244,-0.08824750036001205,0.17688581347465515,0.2468513399362564,-0.10305015742778778,yaw_l
0.5397692322731018,0.8723815083503723,1.3527206021990423e-07,0.6661235690116882,0.7859934568405151,-0.07126456499099731,0.7270202040672302,0.6129887700080872,-0.11521346122026443,0.7084472179412842,0.4766189754009247,-0.15488456189632416,0.6471068859100342,0.3825363218784332,-0.18909592926502228,0.6481691002845764,0.42032110691070557,-0.011554555967450142,0.6887766122817993,0.25517940521240234,-0.05307970568537712,0.7066165208816528,0.15355733036994934,-0.08852452039718628,0.7079155445098877,0.06375554203987122,-0.11913707852363586,0.5477575063705444,0.41493386030197144,-0.024293573573231697,0.527747392654419,0.22874492406845093,-0.13911496102809906,0.56953364610672,0.3085225820541382,-0.19191309809684753,0.6194539070129395,0.3899056613445282,-0.1928875893354416,0.4448198676109314,0.43954405188560486,-0.048100315034389496,0.4167889654636383,0.24961093068122864,-0.1207914799451828,0.3990221619606018,0.13702544569969177,-0.14548221230506897,0.38375481963157654,0.044117122888565063,-0.14779339730739594,0.3485325574874878,0.4963342845439911,-0.07816052436828613,0.297701358795166,0.364793598651886,-0.10410360246896744,0.26813971996307373,0.2838238477706909,-0.10077235847711563,0.2346770167350769,0.20437650382518768,-0.09781696647405624,yaw_l
0.4765456020832062,0.755624532699585,4.960829755873419e-07,0.5480626225471497,0.7255986928939819,-0.1620083749294281,0.5398923754692078,0.6000738143920898,-0.2243669033050537,0.4402211606502533,0.4977246820926666,-0.25672662258148193,0.33299505710601807,0.4228425621986389,-0.2796897888183594,0.6101771593093872,0.3936145305633545,-0.09784015268087387,0.6440351605415344,0.2200670838356018,-0.13108131289482117,0.6595439314842224,0.12283706665039062,-0.17068420350551605,0.6650385856628418,0.02980506420135498,-0.20676285028457642,0.5212791562080383,0.38644838333129883,-0.047116465866565704,0.4795371890068054,0.24835403263568878,-0.13098371028900146,0.4263487458229065,0.30666181445121765,-0.19989942014217377,0.4063466787338257,0.3758297562599182,-0.22464895248413086,0.4383927285671234,0.39421337842941284,-0.009072771295905113,0.3969290256500244,0.2520890235900879,-0.05134044587612152,0.35854530334472656,0.1600794792175293,-0.09827539324760437,0.33921894431114197,0.07844166457653046,-0.12408262491226196,0.379599928855896,0.42462030053138733,0.01570076495409012,0.34221529960632324,0.3055163323879242,0.012743144296109676,0.32492029666900635,0.23086029291152954,0.007873207330703735,0.3229886293411255,0.1737273931503296,0.0013140975497663021,yaw_l
0.5567428469657898,0.8938352465629578,5.653801622429455e-07,0.6944431662559509,0.8061783313751221,-0.06686210632324219,0.7924976348876953,0.5953471660614014,-0.09462917596101761,0.7628622055053711,0.41767004132270813,-0.11712620407342911,0.644666314125061,0.35723209381103516,-0.13588941097259521,0.6936088800430298,0.4414938688278198,0.009202898479998112,0.7018280029296875,0.28390198945999146,-0.0013575558550655842,0.7129778861999512,0.17039579153060913,-0.012761631049215794,0.7123414278030396,0.07839402556419373,-0.03195824846625328,0.5864213109016418,0.4314837157726288,6.305643637460889e-06,0.580513060092926,0.253399133682251,-0.05838742107152939,0.6072785258293152,0.29103749990463257,-0.0851835384964943,0.6270419359207153,0.3457011282444,-0.08063069730997086,0.48447278141975403,0.4449976086616516,-0.02191842347383499,0.45784491300582886,0.25841206312179565,-0.06914640218019485,0.45860737562179565,0.132881760597229,-0.10304111987352371,0.4477640390396118,0.031129926443099976,-0.12024697661399841,0.3902488946914673,0.4974712133407593,-0.050455108284950256,0.3033286929130554,0.38469621539115906,-0.08468929678201675,0.24459663033485413,0.3151559829711914,-0.10355740040540695,0.1796894669532776,0.24793577194213867,-0.1185542419552803,yaw_l
0.7392834424972534,0.8636770844459534,2.0133768430241616e-06,0.7923876047134399,0.7633776664733887,-0.11418682336807251,0.7769842147827148,0.6207403540611267,-0.18290521204471588,0.7193993330001831,0.5085023045539856,-0.24086694419384003,0.6655490398406982,0.41390252113342285,-0.2967609167098999,0.563469409942627,0.4934763014316559,-0.11851825565099716,0.5131255388259888,0.3115963041782379,-0.19270560145378113,0.47050556540489197,0.20250719785690308,-0.24476218223571777,0.43397951126098633,0.11775857210159302,-0.28226542472839355,0.45501649379730225,0.5496955513954163,-0.11015396565198898,0.3968031108379364,0.3634305000305176,-0.177742138504982,0.3448173999786377,0.244764506816864,-0.21842004358768463,0.30762434005737305,0.1511874794960022,-0.24728740751743317,0.39703258872032166,0.6502623558044434,-0.11684767156839371,0.2913336455821991,0.5687993168830872,-0.19309186935424805,0.20974336564540863,0.5400387644767761,-0.24254556000232697,0.14992235600948334,0.515792727470398,-0.27538585662841797,0.3799796402454376,0.7829817533493042,-0.13196085393428802,0.30523252487182617,0.7498498558998108,-0.2010280042886734,0.2725713849067688,0.7352607250213623,-0.23511260747909546,0.259334921836853,0.7261502742767334,-0.25817880034446716,yaw_l
0.5140013098716736,0.8807674646377563,8.461264542347635e-07,0.6539381742477417,0.7787079811096191,-0.09262990206480026,0.7218949794769287,0.5647827982902527,-0.11691723018884659,0.6514328122138977,0.39847660064697266,-0.13154351711273193,0.5167075991630554,0.35142940282821655,-0.1401147097349167,0.6386144161224365,0.4270666539669037,0.033882029354572296,0.6466355919837952,0.25632932782173157,0.037741512060165405,0.6419700980186462,0.14789432287216187,0.026689456775784492,0.6310548186302185,0.054584234952926636,0.006239952053874731,0.5275053977966309,0.42672526836395264,0.04286604002118111,0.48332729935646057,0.23749689757823944,-0.014261161908507347,0.504169225692749,0.27653759717941284,-0.051600292325019836,0.5285980701446533,0.36163318157196045,-0.04865366220474243,0.42835044860839844,0.44839298725128174,0.0360998772084713,0.38100406527519226,0.2615114152431488,0.004351090639829636,0.3699638247489929,0.13221055269241333,-0.032680775970220566,0.3503989577293396,0.039172589778900146,-0.04946798458695412,0.3439880609512329,0.49850836396217346,0.018527714535593987,0.2979115843772888,0.3705734312534332,0.006205958314239979,0.2734772264957428,0.28298917412757874,-0.008359154686331749,0.24479281902313232,0.2055600881576538,-0.021370455622673035,yaw_l
0.6029857993125916,0.9514096975326538,2.87647935692803e-07,0.7466559410095215,0.853895366191864,-0.11883894354104996,0.8112994432449341,0.6897684335708618,-0.17185957729816437,0.732227087020874,0.5474136471748352,-0.2013489156961441,0.6073262691497803,0.5312787890434265,-0.2227008193731308,0.7416912317276001,0.4609948396682739,-0.09006500244140625,0.7768757343292236,0.2691795229911804,-0.1320798099040985,0.7846692800521851,0.14859595894813538,-0.1550670564174652,0.7786349654197693,0.05411383509635925,-0.17527185380458832,0.620963990688324,0.4559761881828308,-0.07685861736536026,0.618699312210083,0.2892705202102661,-0.16417130827903748,0.6179153919219971,0.41390568017959595,-0.18243028223514557,0.6293843984603882,0.5100045204162598,-0.16260123252868652,0.506199836730957,0.47936421632766724,-0.0803888589143753,0.44155704975128174,0.2920863628387451,-0.15111252665519714,0.3756251037120819,0.1716148853302002,-0.1941622942686081,0.31121745705604553,0.055982381105422974,-0.21134090423583984,0.40668362379074097,0.5508395433425903,-0.09141086041927338,0.2976935803890228,0.4277816414833069,-0.1291542947292328,0.232768714427948,0.35482257604599,-0.14134429395198822,0.16155412793159485,0.2913838028907776,-0.14933951199054718,yaw_l
0.599669337272644,0.888447642326355,7.967452688717458e-07,0.7072614431381226,0.7848940491676331,-0.09055634588003159,0.7373990416526794,0.5660696625709534,-0.11832593381404877,0.6500385999679565,0.4119780957698822,-0.1348218470811844,0.5192821621894836,0.3521820306777954,-0.14567971229553223,0.7114091515541077,0.4128073751926422,0.010010476224124432,0.7315372228622437,0.24454237520694733,0.005070139653980732,0.7418155074119568,0.12824419140815735,-0.007826440967619419,0.743226170539856,0.03524214029312134,-0.02742665633559227,0.5916935205459595,0.42115849256515503,0.018587259575724602,0.5388249158859253,0.25411224365234375,-0.037326179444789886,0.5365932583808899,0.28767335414886475,-0.07522474229335785,0.5403494238853455,0.3459373712539673,-0.07604952901601791,0.48695796728134155,0.4536339044570923,0.013225025497376919,0.42981863021850586,0.2732108533382416,-0.027720971032977104,0.4056766927242279,0.14196991920471191,-0.07217173278331757,0.3738907277584076,0.03417423367500305,-0.09449396282434464,0.40335404872894287,0.5200833678245544,-0.00016035705630201846,0.3147019147872925,0.40837207436561584,-0.02835298888385296,0.26371264457702637,0.3301430940628052,-0.0487893670797348,0.21362459659576416,0.2554272413253784,-0.0628420040011406,yaw_l
0.46953946352005005,0.8802008628845215,8.252171710410039e-07,0.6201086640357971,0.7989097833633423,-0.0929158478975296,0.6976127028465271,0.5881906151771545,-0.11805467307567596,0.6403856873512268,0.4184873700141907,-0.13341833651065826,0.5134145021438599,0.36055174469947815,-0.1432667076587677,0.6234964728355408,0.4441884756088257,0.0333859845995903,0.6514004468917847,0.2853482961654663,0.033868324011564255,0.6622421145439148,0.17784380912780762,0.020195456221699715,0.6643211245536804,0.08351650834083557,-0.0018871460342779756,0.5144988298416138,0.4386233389377594,0.041990771889686584,0.48835402727127075,0.26478147506713867,-0.020915430039167404,0.5136245489120483,0.3155829906463623,-0.05792896822094917,0.5461269617080688,0.39404869079589844,-0.05281130596995354,0.41333431005477905,0.4531030058860779,0.03439394384622574,0.3885558843612671,0.26830166578292847,-0.0024094644468277693,0.3958014249801636,0.13629168272018433,-0.03586377203464508,0.3948814272880554,0.02801874279975891,-0.0492418147623539,0.3228245973587036,0.49725469946861267,0.016391785815358162,0.29373905062675476,0.3662862479686737,0.002914123935624957,0.28304439783096313,0.2785966992378235,-0.006384646985679865,0.26658785343170166,0.19467793405056,-0.015086629427969456,yaw_l
0.5365598201751709,0.9546835422515869,6.380696504493244e-07,0.6863475441932678,0.8693532943725586,-0.10253050923347473,0.7561781406402588,0.6573014259338379,-0.1485140323638916,0.681611180305481,0.4893064498901367,-0.18436089158058167,0.5473830699920654,0.43210023641586304,-0.21679440140724182,0.665615975856781,0.46323928236961365,-0.009205804206430912,0.6785728931427002,0.2791439890861511,-0.03719576075673103,0.6794626116752625,0.15394696593284607,-0.06826867163181305,0.670082688331604,0.047452330589294434,-0.09936146438121796,0.5481770038604736,0.47244423627853394,-0.006672896444797516,0.5060428977012634,0.28753530979156494,-0.10469323396682739,0.5312082767486572,0.3490559458732605,-0.1587449461221695,0.5715766549110413,0.4333077073097229,-0.1608933061361313,0.4374183714389801,0.5026066899299622,-0.018812227994203568,0.3905399441719055,0.3148640990257263,-0.0778382271528244,0.36416661739349365,0.17655318975448608,-0.1112154871225357,0.34082886576652527,0.07117465138435364,-0.12179363518953323,0.3401443064212799,0.5628767013549805,-0.04125213995575905,0.28347980976104736,0.4179498553276062,-0.06486044824123383,0.25108736753463745,0.31985747814178467,-0.0684906467795372,0.21768730878829956,0.23054064810276031,-0.07106190919876099,yaw_l
0.5463321805000305,0.8936045169830322,6.058686494725407e-07,0.6748033761978149,0.8045517206192017,-0.08556835353374481,0.7337785959243774,0.5917741060256958,-0.11059306561946869,0.6657510995864868,0.4324045777320862,-0.12145799398422241,0.547782301902771,0.37690120935440063,-0.1278223991394043,0.6855063438415527,0.44445908069610596,-0.010111571289598942,0.7221249341964722,0.27065223455429077,-0.024942763149738312,0.7449257373809814,0.15413019061088562,-0.04121675714850426,0.7588144540786743,0.06302925944328308,-0.060244813561439514,0.5724288821220398,0.4410056471824646,-0.0015508520882576704,0.5503900051116943,0.2610852122306824,-0.06007822975516319,0.5593664646148682,0.303939551115036,-0.09012006968259811,0.5716909170150757,0.36864393949508667,-0.08528139442205429,0.47246140241622925,0.4618361294269562,-0.006297998130321503,0.4400637149810791,0.2763367295265198,-0.04953071475028992,0.43055909872055054,0.14649736881256104,-0.08787830173969269,0.41072869300842285,0.03878265619277954,-0.10623187571763992,0.38598042726516724,0.5184274911880493,-0.018021833151578903,0.3162771761417389,0.3959674537181854,-0.04579317569732666,0.2820075750350952,0.30996596813201904,-0.06171204894781113,0.24258500337600708,0.2296631634235382,-0.07333508878946304,yaw_l
0.5543549656867981,0.8309152126312256,9.256040698346624e-07,0.676631510257721,0.7473198175430298,-0.07218768447637558,0.7399901151657104,0.5544362664222717,-0.10501983761787415,0.6972014904022217,0.4040059447288513,-0.13374386727809906,0.574471652507782,0.37795162200927734,-0.1592322587966919,0.6450891494750977,0.38686856627464294,0.020385321229696274,0.6533077359199524,0.232444167137146,0.014518222771584988,0.6436747312545776,0.12470605969429016,0.004934148397296667,0.6245831251144409,0.040831953287124634,-0.010975266806781292,0.5373971462249756,0.39120984077453613,0.014845800586044788,0.5288442969322205,0.2269129902124405,-0.04640984535217285,0.565433144569397,0.29086875915527344,-0.06681594997644424,0.6041017770767212,0.37026694416999817,-0.04839196801185608,0.4359368681907654,0.41622617840766907,-0.003745620371773839,0.40778493881225586,0.24971313774585724,-0.03385598585009575,0.4089081585407257,0.1359441876411438,-0.04458199441432953,0.40612730383872986,0.038004279136657715,-0.04233360290527344,0.3410704731941223,0.4781639873981476,-0.03177642822265625,0.28169935941696167,0.3660001754760742,-0.03714171051979065,0.2576967179775238,0.2885514795780182,-0.030497772619128227,0.23462015390396118,0.20899170637130737,-0.026384638622403145,yaw_l
0.5492244958877563,0.9533281922340393,8.095550469988666e-07,0.7015106678009033,0.8624592423439026,-0.09869711846113205,0.7668375968933105,0.6271606087684631,-0.13746795058250427,0.6806833744049072,0.44579261541366577,-0.16708895564079285,0.5369158387184143,0.39388930797576904,-0.19217215478420258,0.6853839159011841,0.4574572741985321,0.018735403195023537,0.702145516872406,0.27387017011642456,0.009549183771014214,0.7084186673164368,0.14673775434494019,-0.0101081021130085,0.702867865562439,0.046483010053634644,-0.035187773406505585,0.5626746416091919,0.4650935232639313,0.023350968956947327,0.5204806923866272,0.27517855167388916,-0.04995974898338318,0.538905680179596,0.317316472530365,-0.09344420582056046,0.5694699883460999,0.38594499230384827,-0.09157015383243561,0.4493970274925232,0.48883378505706787,0.012413888238370419,0.40161651372909546,0.29122430086135864,-0.02920476160943508,0.38547882437705994,0.14858803153038025,-0.05789950489997864,0.36437052488327026,0.04009923338890076,-0.06762673705816269,0.3506491184234619,0.5427305698394775,-0.009692441672086716,0.28403976559638977,0.39758387207984924,-0.024741733446717262,0.2444669008255005,0.30045777559280396,-0.027579085901379585,0.20272353291511536,0.2130819708108902,-0.030219512060284615,yaw_l
0.528801441192627,0.945345401763916,6.699796131215408e-07,0.6901369690895081,0.8637523055076599,-0.09757562726736069,0.7570488452911377,0.6292307376861572,-0.13699732720851898,0.6694818735122681,0.449899286031723,-0.16564074158668518,0.5301005840301514,0.4072034955024719,-0.19083860516548157,0.6832959651947021,0.461103618144989,-0.0008766734390519559,0.7056312561035156,0.27810394763946533,-0.020711520686745644,0.7143527865409851,0.15006443858146667,-0.04613126069307327,0.711811900138855,0.04534783959388733,-0.07396704703569412,0.5598154067993164,0.4642587900161743,0.0033157558646053076,0.5245592594146729,0.2670050263404846,-0.08441131561994553,0.543481171131134,0.32288119196891785,-0.13136857748031616,0.5775612592697144,0.40435990691185,-0.12897363305091858,0.44405031204223633,0.4876411557197571,-0.006397624965757132,0.400054931640625,0.2881794273853302,-0.057671867311000824,0.37901902198791504,0.14525261521339417,-0.08509138226509094,0.3585479259490967,0.036862194538116455,-0.09221304953098297,0.34134721755981445,0.5424347519874573,-0.02596413716673851,0.28178292512893677,0.3946540951728821,-0.04332558810710907,0.24630756676197052,0.30012643337249756,-0.041323013603687286,0.20894506573677063,0.2130424976348877,-0.040289051830768585,yaw_l
0.44645431637763977,0.8920645713806152,7.445954679496936e-07,0.6027479767799377,0.8170962929725647,-0.09344440698623657,0.6837601661682129,0.6023802757263184,-0.11510071158409119,0.6104816794395447,0.43687206506729126,-0.12379775196313858,0.48122718930244446,0.3932959735393524,-0.1265716254711151,0.6388665437698364,0.45802170038223267,0.022386813536286354,0.6802173852920532,0.2828090190887451,0.02170903980731964,0.6961044669151306,0.17472857236862183,0.00520614068955183,0.7054867148399353,0.0732109546661377,-0.019294580444693565,0.5239678025245667,0.4458208680152893,0.03342282772064209,0.504173994064331,0.25413405895233154,-0.0324917808175087,0.5109610557556152,0.3030086159706116,-0.07620742172002792,0.5335062146186829,0.38976091146469116,-0.07601228356361389,0.4173629581928253,0.4567679762840271,0.030160604044795036,0.39380064606666565,0.27573269605636597,-0.0064439899288117886,0.39229846000671387,0.13939103484153748,-0.047695618122816086,0.38594046235084534,0.03132563829421997,-0.06717944145202637,0.3243725299835205,0.4966201186180115,0.017394710332155228,0.3077806234359741,0.36409759521484375,0.009512213990092278,0.2977772355079651,0.27549707889556885,0.0006134695722721517,0.28147178888320923,0.1932932585477829,-0.009891404770314693,yaw_l
0.46059340238571167,0.8833007216453552,5.071988198324107e-07,0.5711551308631897,0.8278726935386658,-0.11270178109407425,0.6429495215415955,0.6637188196182251,-0.16115309298038483,0.5955377817153931,0.5169705152511597,-0.19495008885860443,0.49030083417892456,0.4280588626861572,-0.2247604876756668,0.6522430777549744,0.45985183119773865,-0.04342846944928169,0.6852409243583679,0.277645468711853,-0.07746017724275589,0.6903133392333984,0.15636032819747925,-0.11137818545103073,0.6903722286224365,0.05495858192443848,-0.14275100827217102,0.5475904941558838,0.4481658339500427,-0.03087443672120571,0.526007890701294,0.25940802693367004,-0.11742546409368515,0.503063440322876,0.3044818639755249,-0.16255033016204834,0.505332887172699,0.38773950934410095,-0.16375131905078888,0.4492042064666748,0.4625498056411743,-0.03311528265476227,0.43273594975471497,0.2668943703174591,-0.08663199096918106,0.41958361864089966,0.13254201412200928,-0.12127523869276047,0.4146152436733246,0.029579490423202515,-0.13503398001194,0.3622139096260071,0.5102233290672302,-0.04582899436354637,0.3358825445175171,0.3741561472415924,-0.07017939537763596,0.32060766220092773,0.28232699632644653,-0.0783865675330162,0.3102591633796692,0.198960080742836,-0.08429860323667526,yaw_l
0.5702257752418518,0.9567044973373413,3.639747490069567e-07,0.7047744989395142,0.8735313415527344,-0.13643433153629303,0.7607935667037964,0.7109847068786621,-0.1916496753692627,0.6690940856933594,0.5793262124061584,-0.21971243619918823,0.5399928092956543,0.5521145462989807,-0.23780569434165955,0.7323126792907715,0.4631156921386719,-0.09916512668132782,0.7835756540298462,0.2659212350845337,-0.14732243120670319,0.7980910539627075,0.14028990268707275,-0.17935918271541595,0.803168535232544,0.03811931610107422,-0.20641230046749115,0.6047051548957825,0.45737388730049133,-0.07818525284528732,0.5889195203781128,0.30849164724349976,-0.17634612321853638,0.5751665830612183,0.43504875898361206,-0.20407940447330475,0.5856313705444336,0.5436224937438965,-0.1887243688106537,0.486605703830719,0.4837966859340668,-0.0754891112446785,0.42691606283187866,0.2998702824115753,-0.15120278298854828,0.3667752742767334,0.18385404348373413,-0.1961962878704071,0.3119416832923889,0.06797990202903748,-0.21251605451107025,0.38819512724876404,0.5595463514328003,-0.08214370161294937,0.2977156341075897,0.43627890944480896,-0.12207821756601334,0.24632024765014648,0.36324355006217957,-0.13327088952064514,0.18845203518867493,0.2953539490699768,-0.13846921920776367,yaw_l
0.5669333338737488,0.8871500492095947,6.717904739161895e-07,0.6916221380233765,0.7969491481781006,-0.0830254927277565,0.7431697249412537,0.578893780708313,-0.11018867045640945,0.6687662601470947,0.42169734835624695,-0.12515749037265778,0.540459930896759,0.3740483820438385,-0.13630902767181396,0.6961851119995117,0.4305133521556854,-0.006270858459174633,0.7240291237831116,0.25979113578796387,-0.019195685163140297,0.7420241236686707,0.14189046621322632,-0.033584658056497574,0.7519970536231995,0.05235663056373596,-0.052308615297079086,0.5815476775169373,0.43057000637054443,-0.0003630660939961672,0.5516946315765381,0.25761842727661133,-0.06091776490211487,0.557871401309967,0.3002420663833618,-0.09202846139669418,0.5681235194206238,0.366100013256073,-0.08804507553577423,0.47951117157936096,0.4546743333339691,-0.00759205361828208,0.4374334216117859,0.2777494490146637,-0.05140690878033638,0.4244086742401123,0.14727890491485596,-0.0907910019159317,0.40243399143218994,0.04240408539772034,-0.11057792603969574,0.3929207921028137,0.5123031139373779,-0.021762290969491005,0.313960462808609,0.3966405987739563,-0.050243932753801346,0.27019450068473816,0.3157469630241394,-0.06805238127708435,0.2235015630722046,0.23935182392597198,-0.08168048411607742,yaw_l
0.5700235962867737,0.9011824131011963,7.799732770763512e-08,0.7127465605735779,0.8145314455032349,-0.0920192152261734,0.7750563621520996,0.6276873350143433,-0.14006304740905762,0.7076595425605774,0.4779486060142517,-0.1779535859823227,0.586064875125885,0.41627123951911926,-0.2116924375295639,0.6992499232292175,0.4293443560600281,-0.04098194092512131,0.7253547310829163,0.24181906878948212,-0.0774693563580513,0.7351754903793335,0.13318073749542236,-0.11152182519435883,0.7299777269363403,0.03629496693611145,-0.1452787071466446,0.5866340398788452,0.42928704619407654,-0.04326239600777626,0.567712664604187,0.24754710495471954,-0.15822990238666534,0.5683462619781494,0.3291618824005127,-0.2226906269788742,0.5712782144546509,0.41300031542778015,-0.23656925559043884,0.48012205958366394,0.45959874987602234,-0.0549050010740757,0.4414251148700714,0.26981014013290405,-0.13490425050258636,0.406206876039505,0.1455049216747284,-0.17479448020458221,0.36906853318214417,0.04576355218887329,-0.1901136338710785,0.37602871656417847,0.5185677409172058,-0.07271788269281387,0.30420196056365967,0.38704490661621094,-0.1131439283490181,0.25912755727767944,0.3070715665817261,-0.12138525396585464,0.21222597360610962,0.2294618785381317,-0.1270817220211029,yaw_l
0.5454416871070862,0.8129268884658813,6.139409833849641e-07,0.6493867039680481,0.7289108037948608,-0.08265901356935501,0.6964776515960693,0.5572482347488403,-0.1219872534275055,0.6172376871109009,0.4310038387775421,-0.15209417045116425,0.5049763321876526,0.38607674837112427,-0.17826665937900543,0.6542431712150574,0.3889146149158478,-0.0050952257588505745,0.6644893288612366,0.23214749991893768,-0.0224485881626606,0.6680226922035217,0.12743321061134338,-0.04210745170712471,0.6659215688705444,0.042308509349823,-0.06356075406074524,0.5447987914085388,0.39706656336784363,-0.0027922659646719694,0.5268266201019287,0.23977364599704742,-0.07601021230220795,0.5306642055511475,0.3049726188182831,-0.10872529447078705,0.5411686301231384,0.382992148399353,-0.10032054036855698,0.44602319598197937,0.42289113998413086,-0.012768344022333622,0.42328739166259766,0.25876584649086,-0.054336898028850555,0.41233450174331665,0.14819732308387756,-0.07562346756458282,0.3956320881843567,0.05713161826133728,-0.07995238155126572,0.36072009801864624,0.47894206643104553,-0.030732007697224617,0.31374114751815796,0.3676750659942627,-0.045606546103954315,0.2956398129463196,0.2956961989402771,-0.04302545264363289,0.27569109201431274,0.2248544991016388,-0.04012085869908333,yaw_l
0.5802041888237,0.9472984075546265,2.0388040411489783e-07,0.7275571823120117,0.8710854053497314,-0.10263639688491821,0.8167792558670044,0.7100127935409546,-0.16223673522472382,0.7708327770233154,0.5642632246017456,-0.20682640373706818,0.6457563638687134,0.5488919615745544,-0.2449631690979004,0.7372974157333374,0.48000481724739075,-0.06796848773956299,0.7664015293121338,0.2997637391090393,-0.10885632038116455,0.7743539810180664,0.18182507157325745,-0.132267028093338,0.7707709670066833,0.09043937921524048,-0.15513469278812408,0.619479775428772,0.4732308089733124,-0.06743652373552322,0.6292744874954224,0.3237510025501251,-0.1732834130525589,0.6464735865592957,0.45331284403800964,-0.19786745309829712,0.6681939363479614,0.5534238815307617,-0.17761783301830292,0.50981205701828,0.4896361529827118,-0.08292879164218903,0.4568489193916321,0.298006534576416,-0.16285061836242676,0.403391569852829,0.1731436848640442,-0.2006780505180359,0.34949225187301636,0.05584082007408142,-0.21266794204711914,0.4086867570877075,0.5456432700157166,-0.10511455684900284,0.29934439063072205,0.42668992280960083,-0.1499415636062622,0.2324604094028473,0.3560507893562317,-0.16353054344654083,0.16177862882614136,0.28147920966148376,-0.17178615927696228,yaw_l
0.5338362455368042,0.888229489326477,2.1797580984639353e-07,0.6589739322662354,0.8163529634475708,-0.09381343424320221,0.7263928055763245,0.6317055821418762,-0.13696274161338806,0.6588279008865356,0.47471562027931213,-0.16308756172657013,0.5502570867538452,0.3951145112514496,-0.18464292585849762,0.7036631107330322,0.45535218715667725,-0.062260765582323074,0.7388948202133179,0.274211049079895,-0.10326224565505981,0.7505764961242676,0.14971311390399933,-0.1313047558069229,0.7584914565086365,0.046808838844299316,-0.155937060713768,0.5865498781204224,0.445565789937973,-0.0531182624399662,0.563249945640564,0.2519197463989258,-0.13674701750278473,0.5590059161186218,0.31819581985473633,-0.1633242666721344,0.5708571076393127,0.4074900448322296,-0.15180225670337677,0.4778972864151001,0.4635581374168396,-0.05635416507720947,0.4391454756259918,0.28128373622894287,-0.11326323449611664,0.41377443075180054,0.1545579582452774,-0.13914699852466583,0.39188578724861145,0.05508294701576233,-0.1465102881193161,0.3850323259830475,0.5187395215034485,-0.0664408728480339,0.30790239572525024,0.4042648375034332,-0.09691940993070602,0.2630162537097931,0.33010169863700867,-0.10289401561021805,0.2151677906513214,0.26420071721076965,-0.10580120980739594,yaw_l
0.5094095468521118,0.955185055732727,8.173142305167858e-07,0.6693590879440308,0.8720679879188538,-0.09767995029687881,0.7466544508934021,0.6417675018310547,-0.1397770643234253,0.6661152243614197,0.4637513756752014,-0.17374156415462494,0.5293790102005005,0.4059169590473175,-0.2039061039686203,0.6630111336708069,0.46414005756378174,0.012737671844661236,0.681034505367279,0.2791951894760132,-0.006564897019416094,0.6848391890525818,0.15208768844604492,-0.032509900629520416,0.677785336971283,0.04910990595817566,-0.060924429446458817,0.540614128112793,0.47099769115448,0.013731800951063633,0.507580578327179,0.2769002914428711,-0.07771718502044678,0.5312103033065796,0.3315544128417969,-0.12793520092964172,0.5696120262145996,0.41385987401008606,-0.12646768987178802,0.42588624358177185,0.49487078189849854,-0.0004561890382319689,0.3860231935977936,0.2967126965522766,-0.05129219964146614,0.3690088093280792,0.15402981638908386,-0.07800417393445969,0.35203519463539124,0.04498213529586792,-0.0843663364648819,0.326565682888031,0.5499768257141113,-0.02554747834801674,0.2797699570655823,0.39890536665916443,-0.04032784700393677,0.2545353174209595,0.2991564869880676,-0.03757419437170029,0.22683608531951904,0.20633921027183533,-0.036360569298267365,yaw_l
0.48260489106178284,0.9094938039779663,5.396490223574801e-07,0.6169432997703552,0.8418490886688232,-0.07909051328897476,0.7026407122612,0.6448940634727478,-0.10700062662363052,0.6982976794242859,0.4898018538951874,-0.12858432531356812,0.5925273895263672,0.42320576310157776,-0.1458204984664917,0.6130495071411133,0.45443475246429443,0.014285084791481495,0.6140789985656738,0.28091520071029663,-0.0016366932541131973,0.60923832654953,0.17115047574043274,-0.02270381897687912,0.5972121953964233,0.07448092103004456,-0.04684896022081375,0.5166058540344238,0.4511725902557373,0.011269181966781616,0.4988847076892853,0.27075111865997314,-0.06909220665693283,0.5372893214225769,0.328815758228302,-0.10692106932401657,0.5762890577316284,0.4172517657279968,-0.09886045753955841,0.42234545946121216,0.47306323051452637,-0.006431427784264088,0.4004736840724945,0.2793305814266205,-0.05274045467376709,0.4013862609863281,0.14698627591133118,-0.08042459934949875,0.3957071006298065,0.03823259472846985,-0.08749116212129593,0.33372676372528076,0.5260950326919556,-0.03354164958000183,0.30528807640075684,0.38864052295684814,-0.0518886037170887,0.28579163551330566,0.29156267642974854,-0.05903628095984459,0.26027825474739075,0.19503340125083923,-0.06435498595237732,yaw_l
0.5372639894485474,0.8863959908485413,2.955413833660714e-07,0.657620906829834,0.8057796955108643,-0.10645908862352371,0.7247931361198425,0.6364520192146301,-0.1519712656736374,0.6694305539131165,0.485506147146225,-0.17595228552818298,0.5697774887084961,0.40068745613098145,-0.19365830719470978,0.7017679214477539,0.4513148367404938,-0.07745621353387833,0.738663911819458,0.26466619968414307,-0.12014049291610718,0.7499629259109497,0.14151844382286072,-0.14964298903942108,0.7553598880767822,0.04258167743682861,-0.1739121824502945,0.5862941145896912,0.4459112882614136,-0.0643656775355339,0.5666541457176208,0.2569029927253723,-0.140321284532547,0.5551198720932007,0.3230551481246948,-0.1625799834728241,0.5587612986564636,0.4027556777000427,-0.15023423731327057,0.47757482528686523,0.46468237042427063,-0.06589175760746002,0.4411293864250183,0.27982816100120544,-0.11691801249980927,0.4167303740978241,0.1500171422958374,-0.14629465341567993,0.3923496603965759,0.03588411211967468,-0.15832063555717468,0.3858780860900879,0.524280309677124,-0.07593737542629242,0.3048991560935974,0.4046195149421692,-0.09987659752368927,0.26685822010040283,0.32605141401290894,-0.10434872657060623,0.22549092769622803,0.25678592920303345,-0.10781608521938324,yaw_l
0.48380202054977417,0.8952503204345703,5.081786866867333e-07,0.622279942035675,0.8151761293411255,-0.0830715224146843,0.718898355960846,0.62330162525177,-0.11597253382205963,0.6850824356079102,0.46400347352027893,-0.14335086941719055,0.575473427772522,0.39396873116493225,-0.16653482615947723,0.6638784408569336,0.43720248341560364,0.03508928418159485,0.6899032592773438,0.28388869762420654,0.029010560363531113,0.6977043747901917,0.18173672258853912,0.011048845015466213,0.6979460716247559,0.09277653694152832,-0.013334227725863457,0.5597330927848816,0.43523624539375305,0.032382044941186905,0.5438144207000732,0.2532047629356384,-0.03990830481052399,0.5630533695220947,0.3191196322441101,-0.08128636330366135,0.5926316976547241,0.40814080834388733,-0.07763928174972534,0.45613837242126465,0.4503691792488098,0.014245253056287766,0.4314458966255188,0.26090162992477417,-0.027107782661914825,0.41072946786880493,0.1347290277481079,-0.05691732093691826,0.3857687711715698,0.03308001160621643,-0.06790310144424438,0.3609153926372528,0.4974200129508972,-0.013742861337959766,0.31606927514076233,0.3689294755458832,-0.027738699689507484,0.2861543893814087,0.2858862280845642,-0.03201548010110855,0.25024595856666565,0.20521484315395355,-0.037123747169971466,yaw_l
0.48996537923812866,0.9077732563018799,4.840158567276376e-07,0.6257222294807434,0.8262941837310791,-0.0921621099114418,0.6966021060943604,0.6277380585670471,-0.12049917876720428,0.651020884513855,0.47075119614601135,-0.1387396603822708,0.5422919988632202,0.39901360869407654,-0.152108296751976,0.6416569352149963,0.44562748074531555,0.013903792947530746,0.6428382396697998,0.26986241340637207,0.007094068918377161,0.6356581449508667,0.156829833984375,-0.009578968398272991,0.6221083998680115,0.05874049663543701,-0.03216591477394104,0.5363432765007019,0.44765785336494446,0.021182626485824585,0.5051442384719849,0.26775652170181274,-0.04828406125307083,0.5266380310058594,0.31836217641830444,-0.08811496198177338,0.5535415410995483,0.4071871042251587,-0.08472020924091339,0.4374517798423767,0.4718500077724457,0.013129066675901413,0.4085175395011902,0.2797912359237671,-0.026337357237935066,0.403391569852829,0.14005035161972046,-0.0628005862236023,0.3917660117149353,0.030704379081726074,-0.07790545374155045,0.3501482605934143,0.5249035954475403,-0.004862938076257706,0.3151524066925049,0.38305437564849854,-0.020170291885733604,0.29506993293762207,0.28704243898391724,-0.032430097460746765,0.2704559564590454,0.19749554991722107,-0.04255159571766853,yaw_l
0.5304425954818726,0.8909900784492493,2.0400662492647825e-07,0.6588958501815796,0.815711498260498,-0.09347698092460632,0.7290709018707275,0.6304473280906677,-0.13786514103412628,0.6674181818962097,0.47341203689575195,-0.1661759614944458,0.5636984705924988,0.387992799282074,-0.18964235484600067,0.7054319381713867,0.4559325873851776,-0.055403705686330795,0.7402320504188538,0.27561336755752563,-0.09278802573680878,0.7515783905982971,0.15195927023887634,-0.1201503574848175,0.7589772343635559,0.051291823387145996,-0.14488063752651215,0.5867964029312134,0.4457261264324188,-0.04705687612295151,0.558660626411438,0.25229424238204956,-0.12876680493354797,0.5571864247322083,0.3204142153263092,-0.1557111293077469,0.5726690888404846,0.40948259830474854,-0.14368495345115662,0.4770384430885315,0.46203699707984924,-0.05099213868379593,0.4366278350353241,0.2757683992385864,-0.10220016539096832,0.4146338403224945,0.14530237019062042,-0.1233714148402214,0.3966679871082306,0.04079681634902954,-0.12844756245613098,0.3845025300979614,0.5170470476150513,-0.06239262968301773,0.30616071820259094,0.4033859074115753,-0.08613599836826324,0.26273468136787415,0.3280663788318634,-0.08613905310630798,0.21874019503593445,0.26064735651016235,-0.08546577394008636,yaw_l
0.47178182005882263,0.9109899997711182,4.711891676834057e-07,0.6124532222747803,0.841112494468689,-0.0908007025718689,0.6953921318054199,0.6455615162849426,-0.1211623102426529,0.669952929019928,0.48420101404190063,-0.14151382446289062,0.5601847171783447,0.41224780678749084,-0.15695790946483612,0.6346967816352844,0.4590451121330261,0.010164777748286724,0.6455349326133728,0.283359169960022,0.001259783050045371,0.6431081891059875,0.17143981158733368,-0.01683732308447361,0.6333455443382263,0.07009771466255188,-0.04039320349693298,0.5304356813430786,0.4544684588909149,0.014650476165115833,0.5090898275375366,0.26947951316833496,-0.057863157242536545,0.5322794318199158,0.3276140093803406,-0.09513447433710098,0.5607374310493469,0.42243340611457825,-0.0877455398440361,0.43047237396240234,0.4720730185508728,0.004362489562481642,0.41145530343055725,0.27701789140701294,-0.0332772396504879,0.41391947865486145,0.13706102967262268,-0.06139542907476425,0.40844660997390747,0.024362176656723022,-0.07042981684207916,0.34251275658607483,0.5198166370391846,-0.016281869262456894,0.315224826335907,0.38119181990623474,-0.0259096696972847,0.30012959241867065,0.287165105342865,-0.02914901077747345,0.2786265015602112,0.1991422027349472,-0.032962121069431305,yaw_l
0.48284879326820374,0.8690725564956665,7.934889936223044e-07,0.6075161695480347,0.7933502197265625,-0.10046052187681198,0.6968234777450562,0.6194677352905273,-0.14172109961509705,0.651059627532959,0.46935707330703735,-0.1693660020828247,0.5568296313285828,0.3801898956298828,-0.19206856191158295,0.6598267555236816,0.4287049174308777,-0.02404380962252617,0.700258731842041,0.26255202293395996,-0.05362173169851303,0.7102891206741333,0.1413961946964264,-0.08454081416130066,0.7144264578819275,0.0428047776222229,-0.11145558953285217,0.5488776564598083,0.4200259745121002,-0.012114721350371838,0.5131958723068237,0.23918195068836212,-0.07973337173461914,0.5113357305526733,0.27101457118988037,-0.11614735424518585,0.528333306312561,0.33387070894241333,-0.11454789340496063,0.44497257471084595,0.4355529248714447,-0.014095188118517399,0.40867072343826294,0.2511572539806366,-0.05748865380883217,0.39070385694503784,0.1324557662010193,-0.08270535618066788,0.3737563490867615,0.03935852646827698,-0.09030614793300629,0.3528003692626953,0.4882349967956543,-0.025897813960909843,0.30703067779541016,0.36620980501174927,-0.04391155764460564,0.2876766324043274,0.2823873460292816,-0.04435180127620697,0.2670314311981201,0.20554247498512268,-0.04304083064198494,yaw_l
