0.5638770461082458,0.8306823968887329,5.473673354572384e-07,0.6921905279159546,0.7295340895652771,-0.055735621601343155,0.7589977979660034,0.5593487620353699,-0.08408568054437637,0.7718930840492249,0.40892669558525085,-0.1175394132733345,0.679766058921814,0.35893142223358154,-0.14418236911296844,0.6391380429267883,0.41728076338768005,0.00676476676017046,0.6622004508972168,0.31227704882621765,-0.0709390789270401,0.6726155281066895,0.3436870872974396,-0.13093030452728271,0.6662799715995789,0.40505102276802063,-0.15218371152877808,0.5385603904724121,0.40055322647094727,0.001904741395264864,0.5411429405212402,0.2308683544397354,-0.01801159977912903,0.5396570563316345,0.1274188756942749,-0.02312927506864071,0.5309455394744873,0.02751070261001587,-0.01972454972565174,0.4508119225502014,0.4234250783920288,-0.023525578901171684,0.39370420575141907,0.2804639935493469,-0.051272012293338776,0.3688400983810425,0.18369625508785248,-0.05089930072426796,0.35228294134140015,0.10554632544517517,-0.04156917706131935,0.37019574642181396,0.48635804653167725,-0.05882502719759941,0.2944789528846741,0.3776381015777588,-0.07912838459014893,0.25248706340789795,0.3010531961917877,-0.06955762207508087,0.22380900382995605,0.23271936178207397,-0.05506884306669235,yaw_r
0.6393437385559082,0.9185484647750854,3.198555020844651e-07,0.7635909914970398,0.8302147388458252,-0.08265538513660431,0.8393682837486267,0.6513899564743042,-0.12814627587795258,0.7928076982498169,0.5151159763336182,-0.16996900737285614,0.674991250038147,0.5127668976783752,-0.20422327518463135,0.6956242322921753,0.4683776795864105,-0.060126278549432755,0.6832103133201599,0.33452868461608887,-0.16092896461486816,0.6827784776687622,0.3904726803302765,-0.23597632348537445,0.673008918762207,0.470909982919693,-0.2696661353111267,0.5840263366699219,0.4579923152923584,-0.06071103364229202,0.5698791146278381,0.26703518629074097,-0.10794898867607117,0.5509400367736816,0.15008166432380676,-0.14133711159229279,0.5235313773155212,0.039211153984069824,-0.16247624158859253,0.4878426194190979,0.4920807480812073,-0.08001291006803513,0.40085136890411377,0.3318411409854889,-0.13155771791934967,0.345522940158844,0.2304454892873764,-0.1709921956062317,0.2965003252029419,0.13787436485290527,-0.19301213324069977,0.40585756301879883,0.5735908150672913,-0.10782986134290695,0.29472029209136963,0.4740467071533203,-0.1475990116596222,0.22352397441864014,0.407664030790329,-0.16484799981117249,0.15760263800621033,0.3418198823928833,-0.17365196347236633,yaw_r
0.5481261014938354,0.8342655301094055,4.514992610893387e-07,0.6797546744346619,0.73909991979599,-0.05393682047724724,0.7540156841278076,0.5667204856872559,-0.082430399954319,0.775646448135376,0.4162275195121765,-0.11560102552175522,0.6850287318229675,0.36494067311286926,-0.14247126877307892,0.6337358951568604,0.4219653606414795,-0.0011213503312319517,0.6623666286468506,0.32669535279273987,-0.08220633119344711,0.6724845170974731,0.36759185791015625,-0.14393596351146698,0.6661737561225891,0.43700581789016724,-0.16670717298984528,0.5327913165092468,0.4014299511909485,-0.009057518094778061,0.5376759171485901,0.2313343584537506,-0.03484334051609039,0.5385696887969971,0.1273593008518219,-0.04365033283829689,0.5343939065933228,0.025809913873672485,-0.04306948557496071,0.4432859718799591,0.4212687611579895,-0.03676246106624603,0.3845173716545105,0.27290570735931396,-0.07194025814533234,0.3621145188808441,0.17504265904426575,-0.07701509445905685,0.34952014684677124,0.09441307187080383,-0.07122832536697388,0.3628031015396118,0.4828217029571533,-0.07328770309686661,0.28416717052459717,0.3694326877593994,-0.09899459779262543,0.24274292588233948,0.29064640402793884,-0.09272601455450058,0.2159113883972168,0.21863581240177155,-0.08110138773918152,yaw_r
0.5322574377059937,0.9253723621368408,5.662370199388533e-07,0.662429928779602,0.8730071783065796,-0.08308994770050049,0.7906447052955627,0.709000825881958,-0.12351750582456589,0.8152658343315125,0.5494877696037292,-0.15857642889022827,0.701488733291626,0.4953899383544922,-0.18404926359653473,0.6733720898628235,0.5075198411941528,-0.05195895954966545,0.6888134479522705,0.3644881844520569,-0.13655038177967072,0.6833140850067139,0.429039865732193,-0.19897061586380005,0.662442684173584,0.5146093368530273,-0.2249506413936615,0.5594993233680725,0.4809459149837494,-0.04964284971356392,0.5735195875167847,0.2824864983558655,-0.08446859568357468,0.5821624994277954,0.1603909134864807,-0.11512184143066406,0.5856069326400757,0.042611658573150635,-0.13561373949050903,0.4608619511127472,0.49773579835891724,-0.06506334245204926,0.41913753747940063,0.3272218108177185,-0.10293467342853546,0.39489665627479553,0.217023566365242,-0.13945943117141724,0.37588346004486084,0.1235819160938263,-0.16336272656917572,0.365421861410141,0.5628805756568909,-0.08959797024726868,0.2849195599555969,0.45835694670677185,-0.11980420351028442,0.22576439380645752,0.3881186842918396,-0.13398563861846924,0.17514321208000183,0.31802040338516235,-0.1428559124469757,yaw_r
0.5438511967658997,0.9299544095993042,6.601852646781481e-07,0.6636466383934021,0.8491891622543335,-0.08090874552726746,0.7634403705596924,0.6949805617332458,-0.12108219414949417,0.7914294600486755,0.543408215045929,-0.15926001965999603,0.7002658247947693,0.46363988518714905,-0.1901489943265915,0.659763514995575,0.4945022463798523,-0.036098215728998184,0.6600479483604431,0.3349529504776001,-0.116216741502285,0.6731454133987427,0.3515371084213257,-0.1768360584974289,0.6850318908691406,0.42823290824890137,-0.20051540434360504,0.5564650297164917,0.47530534863471985,-0.031593240797519684,0.5542097687721252,0.2723161578178406,-0.05901328846812248,0.5494351983070374,0.15021410584449768,-0.08436097949743271,0.5472971200942993,0.04014408588409424,-0.10071160644292831,0.4669995903968811,0.49477165937423706,-0.04567013308405876,0.4321712851524353,0.32443511486053467,-0.07554095983505249,0.4120956361293793,0.21356280148029327,-0.1042398139834404,0.397921621799469,0.12260761857032776,-0.12290278822183609,0.37472039461135864,0.5595058798789978,-0.07007841765880585,0.298993319272995,0.4547033905982971,-0.09765968471765518,0.24345239996910095,0.3809913694858551,-0.10920614749193192,0.19639360904693604,0.3126490116119385,-0.11460957676172256,yaw_r
0.5190951824188232,0.9194546341896057,4.5497742462430324e-07,0.6581941843032837,0.8094974756240845,-0.05784330889582634,0.7498418092727661,0.6289199590682983,-0.08399398624897003,0.7802455425262451,0.4729625880718231,-0.11371325701475143,0.6903098225593567,0.40297073125839233,-0.13763760030269623,0.5770934224128723,0.4641304314136505,0.002422144403681159,0.5882828831672668,0.3045028746128082,-0.08569268137216568,0.6290121078491211,0.339449942111969,-0.164956197142601,0.6557854413986206,0.4156653881072998,-0.20141981542110443,0.48046356439590454,0.4529564678668976,-0.0036297403275966644,0.4814976155757904,0.26076051592826843,-0.039249442517757416,0.48819345235824585,0.13840419054031372,-0.08477553725242615,0.49075835943222046,0.030801892280578613,-0.11899887025356293,0.3940136730670929,0.4796918034553528,-0.028824683278799057,0.35960859060287476,0.30763036012649536,-0.062245745211839676,0.342361718416214,0.18801777064800262,-0.0994262769818306,0.3310277462005615,0.08486390113830566,-0.12618254125118256,0.31149089336395264,0.5420172214508057,-0.0628383457660675,0.26844367384910583,0.4116029143333435,-0.08318787813186646,0.23659861087799072,0.3220827579498291,-0.09183404594659805,0.21222823858261108,0.23614180088043213,-0.09989852458238602,yaw_r
0.5253153443336487,0.9598747491836548,3.8235188526414277e-07,0.6841296553611755,0.8815557956695557,-0.0851292535662651,0.779608964920044,0.7083612680435181,-0.12996329367160797,0.7884907722473145,0.5415468811988831,-0.1740107387304306,0.6871731281280518,0.4767391085624695,-0.20864729583263397,0.6155263185501099,0.4776923656463623,-0.026986626908183098,0.6052671670913696,0.32800984382629395,-0.11870523542165756,0.618810772895813,0.37973594665527344,-0.19187118113040924,0.6270479559898376,0.47091907262802124,-0.2204331010580063,0.5067662596702576,0.4661037027835846,-0.02132752537727356,0.4878500998020172,0.26407262682914734,-0.04527369886636734,0.4693262577056885,0.1520366072654724,-0.06809675693511963,0.4447193145751953,0.04236400127410889,-0.08300808072090149,0.4147011935710907,0.49411994218826294,-0.03721843287348747,0.3592827320098877,0.32830262184143066,-0.060520272701978683,0.32881635427474976,0.22036586701869965,-0.07906868308782578,0.2996482253074646,0.12469691038131714,-0.0905754566192627,0.328998863697052,0.568312406539917,-0.06511103361845016,0.2563123106956482,0.44843870401382446,-0.07796923816204071,0.2135201096534729,0.36733460426330566,-0.07639395445585251,0.1775209605693817,0.29111653566360474,-0.07382801920175552,yaw_r
0.5173269510269165,0.8886167407035828,7.428603225889674e-07,0.6500816941261292,0.8042811155319214,-0.05979996547102928,0.754709005355835,0.6227076053619385,-0.08697114139795303,0.8101624846458435,0.4641266465187073,-0.11585082858800888,0.7175368070602417,0.4030972123146057,-0.13904309272766113,0.6125566363334656,0.45377781987190247,-0.020241325721144676,0.6326687932014465,0.30256760120391846,-0.09680423140525818,0.6715494990348816,0.3306986689567566,-0.15575958788394928,0.6985320448875427,0.40581804513931274,-0.17697660624980927,0.5092757940292358,0.43945837020874023,-0.023043319582939148,0.5257750749588013,0.25273528695106506,-0.041645318269729614,0.5365654230117798,0.13780948519706726,-0.056525930762290955,0.5440379977226257,0.03462773561477661,-0.06494113057851791,0.4154849648475647,0.46406039595603943,-0.04377932474017143,0.3882327079772949,0.3044581413269043,-0.062284428626298904,0.3787901997566223,0.19336336851119995,-0.0757267102599144,0.3760191798210144,0.10582953691482544,-0.08381407707929611,0.3231520652770996,0.5284361839294434,-0.07429352402687073,0.2595438063144684,0.42243438959121704,-0.08791031688451767,0.21316316723823547,0.343791663646698,-0.08634713292121887,0.17974093556404114,0.2711018919944763,-0.08289393037557602,yaw_r
0.45115506649017334,0.94398033618927,4.707252401203732e-07,0.6295680403709412,0.8791953325271606,-0.08260177075862885,0.7517678141593933,0.7054322957992554,-0.11544303596019745,0.7807117104530334,0.5286213159561157,-0.14691132307052612,0.6807776093482971,0.45265886187553406,-0.17100925743579865,0.6112212538719177,0.482644647359848,-0.0059791794046759605,0.6173385381698608,0.3314655125141144,-0.08379965275526047,0.6257057785987854,0.3683673143386841,-0.15203098952770233,0.6270813941955566,0.44738370180130005,-0.18152426183223724,0.49596282839775085,0.459040105342865,0.0023310836404561996,0.4966982901096344,0.2596099376678467,-0.01707478240132332,0.49155867099761963,0.1476464569568634,-0.044117167592048645,0.486303448677063,0.04243054986000061,-0.06360206753015518,0.39768093824386597,0.4752212166786194,-0.010708681307733059,0.3676554560661316,0.30588293075561523,-0.032784946262836456,0.35216644406318665,0.1960533857345581,-0.054862480610609055,0.34029245376586914,0.10127139091491699,-0.06921136379241943,0.2999327778816223,0.5352507829666138,-0.03562595695257187,0.25376275181770325,0.40175923705101013,-0.04954010620713234,0.22663390636444092,0.31522199511528015,-0.05104086920619011,0.20580771565437317,0.23463787138462067,-0.05128834396600723,yaw_r
0.5689030289649963,0.9189566969871521,8.290275559375004e-07,0.6916653513908386,0.8301541805267334,-0.0638706237077713,0.7856465578079224,0.6673555970191956,-0.09931062161922455,0.8382103443145752,0.5259736776351929,-0.13790243864059448,0.7615126371383667,0.44502389430999756,-0.17308937013149261,0.648841381072998,0.4840998351573944,-0.03138076886534691,0.6484870910644531,0.33543145656585693,-0.11136139184236526,0.689579427242279,0.3230763077735901,-0.1719544529914856,0.7280639410018921,0.3794143497943878,-0.19698381423950195,0.5426000356674194,0.4700179994106293,-0.03862368315458298,0.5281025171279907,0.27407306432724,-0.06947940587997437,0.5278542041778564,0.1524033546447754,-0.09382499754428864,0.5290465354919434,0.049687743186950684,-0.1083204448223114,0.4530101418495178,0.4934307336807251,-0.06266338378190994,0.4084535837173462,0.32051974534988403,-0.09663178771734238,0.38693100214004517,0.20528966188430786,-0.12021435052156448,0.3731829822063446,0.11616256833076477,-0.13408362865447998,0.36639639735221863,0.5603588819503784,-0.09589257091283798,0.2731033265590668,0.4594849944114685,-0.13121099770069122,0.2049744725227356,0.38402843475341797,-0.1446073055267334,0.1522020697593689,0.31347036361694336,-0.14937996864318848,yaw_r
0.4995267987251282,0.9132784605026245,6.303843633759243e-07,0.6510201692581177,0.8280106782913208,-0.07079147547483444,0.7814401388168335,0.6891903877258301,-0.1171555444598198,0.8391369581222534,0.5426628589630127,-0.16575461626052856,0.7546322345733643,0.4792998135089874,-0.2086917906999588,0.6167758703231812,0.48599186539649963,-0.030536586418747902,0.6359375715255737,0.33112749457359314,-0.12070523947477341,0.6619636416435242,0.34421372413635254,-0.19107237458229065,0.6831823587417603,0.41623011231422424,-0.21880334615707397,0.5163435339927673,0.46161359548568726,-0.03142547234892845,0.5286440253257751,0.26371753215789795,-0.0662621557712555,0.5287059545516968,0.14276587963104248,-0.09580548852682114,0.5211998224258423,0.036399662494659424,-0.11470383405685425,0.42564457654953003,0.4714858829975128,-0.05076585337519646,0.38335949182510376,0.2995128333568573,-0.08302391320466995,0.3531293272972107,0.18335792422294617,-0.1127021536231041,0.33167195320129395,0.09092441201210022,-0.13109785318374634,0.33527570962905884,0.5235145688056946,-0.07947579771280289,0.24920077621936798,0.4129169285297394,-0.10052819550037384,0.19192999601364136,0.3388931453227997,-0.10865695774555206,0.14815542101860046,0.2746305465698242,-0.11262980103492737,yaw_r
0.5445308685302734,0.8880636692047119,6.121435944805853e-07,0.6854052543640137,0.7859046459197998,-0.062085337936878204,0.7793881893157959,0.618466854095459,-0.09366554766893387,0.8091237545013428,0.46002471446990967,-0.12789031863212585,0.7143899202346802,0.39717209339141846,-0.1551658809185028,0.6331592798233032,0.4460678994655609,-0.006759991403669119,0.6347809433937073,0.29846644401550293,-0.08642682433128357,0.657214879989624,0.3274012804031372,-0.15111087262630463,0.6737310290336609,0.39842042326927185,-0.17764095962047577,0.5277631878852844,0.4343812167644501,-0.007285204716026783,0.5170878767967224,0.2500939965248108,-0.036939837038517,0.5100106596946716,0.13480278849601746,-0.06577639281749725,0.49874377250671387,0.027674108743667603,-0.08490413427352905,0.43763864040374756,0.46046942472457886,-0.026374904438853264,0.3761275112628937,0.30730560421943665,-0.0545283742249012,0.3382025361061096,0.206631138920784,-0.08027853071689606,0.3095570206642151,0.12396565079689026,-0.09660079330205917,0.3563465476036072,0.5257449150085449,-0.05461205914616585,0.2815583646297455,0.42475613951683044,-0.07050195336341858,0.22995978593826294,0.3549530804157257,-0.07482102513313293,0.18879303336143494,0.293367475271225,-0.07714947313070297,yaw_r
0.5023422837257385,0.918129563331604,4.5991438923920214e-07,0.6470066905021667,0.8195608258247375,-0.06531736999750137,0.746841549873352,0.6396914720535278,-0.09611819684505463,0.7764129638671875,0.47776150703430176,-0.12859027087688446,0.6772854328155518,0.4106666147708893,-0.15484079718589783,0.5911765098571777,0.4614131450653076,-0.0028452451806515455,0.601852297782898,0.3041057288646698,-0.08855291455984116,0.6322975158691406,0.3436122536659241,-0.16477809846401215,0.6499459147453308,0.4221125543117523,-0.19916431605815887,0.49030059576034546,0.4502260982990265,-0.004383568651974201,0.49223700165748596,0.25891101360321045,-0.03560026362538338,0.495064377784729,0.1410265862941742,-0.07591711729764938,0.4930562973022461,0.03294903039932251,-0.10620488226413727,0.40070289373397827,0.4762827157974243,-0.025520633906126022,0.3710816204547882,0.3065105974674225,-0.05453699827194214,0.35541585087776184,0.18952995538711548,-0.087601438164711,0.34297090768814087,0.08794295787811279,-0.11171921342611313,0.3137136399745941,0.5394514203071594,-0.05621533840894699,0.2714296281337738,0.41008612513542175,-0.0734536349773407,0.2395780086517334,0.3221767246723175,-0.07998169213533401,0.2136577069759369,0.2377256602048874,-0.08613862842321396,yaw_r
0.5301375985145569,0.9257222414016724,5.641120424115798e-07,0.6641623973846436,0.8474324941635132,-0.06693308055400848,0.7697418928146362,0.692253589630127,-0.1044539287686348,0.817723274230957,0.5458518266677856,-0.14258360862731934,0.7553318738937378,0.4510209858417511,-0.17516665160655975,0.6467433571815491,0.5005626678466797,-0.04517577961087227,0.6817740797996521,0.3540971875190735,-0.13937479257583618,0.7202680706977844,0.39414337277412415,-0.20870926976203918,0.7394549250602722,0.4702182412147522,-0.23597769439220428,0.5532962083816528,0.4729100167751312,-0.05095936730504036,0.5723464488983154,0.27603211998939514,-0.09140568226575851,0.5831254720687866,0.1545628309249878,-0.12462593615055084,0.5811496376991272,0.03914192318916321,-0.14612437784671783,0.462552547454834,0.4895467162132263,-0.07426042854785919,0.4291655421257019,0.3092208206653595,-0.12032486498355865,0.40956681966781616,0.18757280707359314,-0.15929217636585236,0.3905554413795471,0.0868811309337616,-0.18225345015525818,0.3721557855606079,0.5500307679176331,-0.1046149954199791,0.2865316569805145,0.4303004741668701,-0.1448720395565033,0.22749754786491394,0.34688800573349,-0.1637723445892334,0.1756272315979004,0.2726597785949707,-0.17323194444179535,yaw_r
0.5382629036903381,0.9236135482788086,9.203505442201276e-07,0.6390771269798279,0.8566920757293701,-0.12121167033910751,0.71148282289505,0.734389066696167,-0.19763372838497162,0.7107698917388916,0.6084415316581726,-0.26826828718185425,0.6222693920135498,0.5172414183616638,-0.3283502161502838,0.6375188827514648,0.49200740456581116,-0.08202092349529266,0.6431385278701782,0.35203853249549866,-0.19576476514339447,0.6289433836936951,0.3934398293495178,-0.2782973349094391,0.6088606119155884,0.48242050409317017,-0.3105003535747528,0.5409857630729675,0.4736076593399048,-0.06204691529273987,0.5505111217498779,0.2779599726200104,-0.11007724702358246,0.547741711139679,0.1593414843082428,-0.13769026100635529,0.5374612808227539,0.038131505250930786,-0.15109603106975555,0.4582991302013397,0.4944438636302948,-0.06570718437433243,0.40446895360946655,0.33638226985931396,-0.10719479620456696,0.36969131231307983,0.22726282477378845,-0.1277652382850647,0.34007975459098816,0.13011592626571655,-0.13677309453487396,0.3794644773006439,0.556608259677887,-0.08400734513998032,0.3172565996646881,0.4416104257106781,-0.10994482785463333,0.27664193511009216,0.35969316959381104,-0.1130826324224472,0.24193614721298218,0.2860293984413147,-0.11100182682275772,yaw_r
0.5287962555885315,0.9171501398086548,5.814612791255058e-07,0.6581381559371948,0.8342126607894897,-0.08397220820188522,0.7752702236175537,0.6840690970420837,-0.13080327212810516,0.7991480231285095,0.5251131057739258,-0.17744073271751404,0.6885935068130493,0.4749613106250763,-0.2167343646287918,0.6446671485900879,0.4756617248058319,-0.029427288100123405,0.6546475887298584,0.3285464346408844,-0.11485230922698975,0.6457697153091431,0.35126015543937683,-0.1809508353471756,0.6298660039901733,0.42408668994903564,-0.20718273520469666,0.5345731973648071,0.4577731490135193,-0.024307452142238617,0.5269281268119812,0.2622724771499634,-0.055039696395397186,0.5059271454811096,0.14241313934326172,-0.08102241158485413,0.4810676574707031,0.033302098512649536,-0.09598919004201889,0.44520333409309387,0.477338045835495,-0.03872212395071983,0.3910908102989197,0.3172684609889984,-0.06813497096300125,0.35150790214538574,0.2110597938299179,-0.09139828383922577,0.3181333541870117,0.12637785077095032,-0.10471154749393463,0.35989564657211304,0.542229175567627,-0.06459055840969086,0.2788548171520233,0.44758251309394836,-0.08554144203662872,0.22246161103248596,0.3826165497303009,-0.09012134373188019,0.17477211356163025,0.32872170209884644,-0.08998273313045502,yaw_r
0.535929262638092,0.9338088035583496,7.064567171255476e-07,0.6436350345611572,0.8614199161529541,-0.10283103585243225,0.7326870560646057,0.727939248085022,-0.1676986962556839,0.7387493848800659,0.5955695509910583,-0.22949834167957306,0.6527022123336792,0.5017183423042297,-0.28118225932121277,0.6451965570449829,0.49542054533958435,-0.06497891992330551,0.6548699736595154,0.3546958863735199,-0.17706815898418427,0.6409213542938232,0.4059140682220459,-0.2627948224544525,0.6141861081123352,0.4946303367614746,-0.29934564232826233,0.5448206067085266,0.4724341630935669,-0.05509261414408684,0.5548844337463379,0.2773914337158203,-0.10340593010187149,0.5498057007789612,0.15536591410636902,-0.1387174427509308,0.5357522964477539,0.03569868206977844,-0.1601916253566742,0.45761412382125854,0.49397480487823486,-0.06678856909275055,0.4026693105697632,0.33332201838493347,-0.10772263258695602,0.36514440178871155,0.22881899774074554,-0.1301499605178833,0.3318815231323242,0.13537466526031494,-0.141713485121727,0.37494972348213196,0.5636698007583618,-0.09146761894226074,0.3081379532814026,0.44203051924705505,-0.11711405217647552,0.26844140887260437,0.3591649830341339,-0.11895247548818588,0.2326040267944336,0.2836799621582031,-0.11654622852802277,yaw_r
0.4885213375091553,0.9029194116592407,7.039769229777448e-07,0.6423410773277283,0.8229390382766724,-0.07096219807863235,0.7714090347290039,0.6783467531204224,-0.11225588619709015,0.8322350382804871,0.522707998752594,-0.15584610402584076,0.7474517226219177,0.44548794627189636,-0.1927623450756073,0.6178784370422363,0.47541138529777527,-0.01551778893917799,0.6357138156890869,0.3203338086605072,-0.09747010469436646,0.6541303396224976,0.3240097761154175,-0.15745165944099426,0.6648577451705933,0.39668551087379456,-0.1758054941892624,0.5139904618263245,0.4536213278770447,-0.011779452674090862,0.5225957036018372,0.25221794843673706,-0.037319596856832504,0.5179927349090576,0.13253092765808105,-0.05166536197066307,0.5056975483894348,0.03174719214439392,-0.05562698096036911,0.4234432280063629,0.4627973139286041,-0.02799290232360363,0.3788246810436249,0.29155659675598145,-0.05169941484928131,0.350707471370697,0.1820664256811142,-0.06536972522735596,0.3300796151161194,0.10247838497161865,-0.06968310475349426,0.33058875799179077,0.512326180934906,-0.054688721895217896,0.24986112117767334,0.40749427676200867,-0.07092323899269104,0.1916501224040985,0.33658912777900696,-0.07170053571462631,0.1489708423614502,0.2796195149421692,-0.06678927689790726,yaw_r
0.519446074962616,0.9395490884780884,5.32809110609378e-07,0.6843270063400269,0.8583493232727051,-0.08065751940011978,0.7860009670257568,0.6672254800796509,-0.11151222139596939,0.7953687906265259,0.4867280423641205,-0.13985465466976166,0.6920672655105591,0.4150404632091522,-0.16179953515529633,0.6161606907844543,0.4674510359764099,-0.01291967649012804,0.6028273105621338,0.3201494514942169,-0.0871930792927742,0.6248744130134583,0.3412713408470154,-0.15220391750335693,0.6468897461891174,0.4106820821762085,-0.1807413399219513,0.4973258376121521,0.45520082116127014,-0.00437968410551548,0.47188347578048706,0.2582222521305084,-0.02355932630598545,0.45439594984054565,0.14592081308364868,-0.05020206794142723,0.43650680780410767,0.04315647482872009,-0.0692073255777359,0.40031343698501587,0.47937652468681335,-0.015619100071489811,0.3492901027202606,0.31102025508880615,-0.037875719368457794,0.32290714979171753,0.202937513589859,-0.059102267026901245,0.3007770776748657,0.11203348636627197,-0.07289590686559677,0.30820173025131226,0.548653781414032,-0.03802686557173729,0.24236690998077393,0.42048150300979614,-0.05364067107439041,0.20264610648155212,0.33547356724739075,-0.05590997263789177,0.16990423202514648,0.255596399307251,-0.05613385885953903,yaw_r
0.48026663064956665,0.8897454142570496,5.925840582676756e-07,0.6330940127372742,0.8139307498931885,-0.06927858293056488,0.7398093938827515,0.6438101530075073,-0.09714283794164658,0.7719738483428955,0.4767366647720337,-0.12399621307849884,0.6774314641952515,0.40432751178741455,-0.14280147850513458,0.6251662969589233,0.46676626801490784,-0.007054062094539404,0.6351208090782166,0.3145795166492462,-0.07697178423404694,0.6475232839584351,0.35121655464172363,-0.13425731658935547,0.653050422668457,0.42898809909820557,-0.15716585516929626,0.5189555287361145,0.4449222981929779,2.031467192864511e-05,0.5247700810432434,0.2564399838447571,-0.019158072769641876,0.5274797081947327,0.14186745882034302,-0.04139211028814316,0.5278373956680298,0.03655153512954712,-0.056475214660167694,0.4264501631259918,0.46149349212646484,-0.011691596359014511,0.3822425603866577,0.3086904287338257,-0.031449999660253525,0.3599900007247925,0.20542354881763458,-0.05394582822918892,0.3438815474510193,0.11987519264221191,-0.06927669048309326,0.3381616473197937,0.5164902210235596,-0.03339187055826187,0.2822587192058563,0.41621720790863037,-0.045788757503032684,0.24331453442573547,0.3450501561164856,-0.04951414465904236,0.21233463287353516,0.27819448709487915,-0.05189167708158493,yaw_r
0.49158400297164917,0.8824312090873718,7.253811418195255e-07,0.6481735110282898,0.7896690964698792,-0.06380144506692886,0.7551855444908142,0.6294867992401123,-0.09614989161491394,0.7954071164131165,0.47065800428390503,-0.13080660998821259,0.7035853266716003,0.404305100440979,-0.1574055701494217,0.6119318604469299,0.45396506786346436,-0.002670393558219075,0.6339679956436157,0.3072603940963745,-0.0815986692905426,0.6638774275779724,0.34234651923179626,-0.14589130878448486,0.6796082258224487,0.4171556532382965,-0.16973568499088287,0.5090859532356262,0.43423593044281006,0.0001080935398931615,0.5136933922767639,0.2503805160522461,-0.023327363654971123,0.5155618190765381,0.1345304250717163,-0.045711006969213486,0.5091004371643066,0.02685120701789856,-0.059115588665008545,0.41691818833351135,0.451690673828125,-0.016317816451191902,0.36457115411758423,0.3007933497428894,-0.037683118134737015,0.3353191912174225,0.19683144986629486,-0.05469240993261337,0.3117988109588623,0.11491906642913818,-0.06352128833532333,0.3298952877521515,0.5067647099494934,-0.0426618829369545,0.2661234736442566,0.3982546925544739,-0.05001811683177948,0.2254485785961151,0.32421445846557617,-0.04537138342857361,0.1943592131137848,0.26260069012641907,-0.040164899080991745,yaw_r
0.4719180166721344,0.9482804536819458,5.055240421825147e-07,0.6322062611579895,0.8919845223426819,-0.0894998237490654,0.7556706070899963,0.7337833642959595,-0.13385546207427979,0.7875669002532959,0.5765040516853333,-0.17600010335445404,0.6948341131210327,0.5124796032905579,-0.20892010629177094,0.6075531840324402,0.4882727563381195,-0.030853966251015663,0.6145915985107422,0.34916073083877563,-0.1271769255399704,0.6302394866943359,0.41536569595336914,-0.20595824718475342,0.6318004131317139,0.5049102306365967,-0.23972925543785095,0.49776968359947205,0.46774035692214966,-0.02611558325588703,0.5019992589950562,0.27431946992874146,-0.06462256610393524,0.49871185421943665,0.15525928139686584,-0.10296249389648438,0.48861560225486755,0.03609535098075867,-0.1288803219795227,0.400850772857666,0.48988479375839233,-0.042661190032958984,0.3689303994178772,0.31982237100601196,-0.07916899025440216,0.35453394055366516,0.2075095772743225,-0.11026589572429657,0.3421165943145752,0.1072431206703186,-0.12874490022659302,0.30537915229797363,0.557092010974884,-0.07060474157333374,0.25093874335289,0.42277345061302185,-0.09090673178434372,0.22268062829971313,0.3347001075744629,-0.09591282159090042,0.20218592882156372,0.25170716643333435,-0.09800700098276138,yaw_r
0.5144580006599426,0.8857731819152832,6.668381615781982e-07,0.6638525724411011,0.787308931350708,-0.06089375168085098,0.7615038752555847,0.6215294599533081,-0.0915670320391655,0.8102986812591553,0.465733140707016,-0.126450777053833,0.7327073812484741,0.3892931640148163,-0.15453919768333435,0.5968254804611206,0.4562126398086548,-0.00278868293389678,0.6244017481803894,0.3140857517719269,-0.0870898962020874,0.6723203659057617,0.33312246203422546,-0.1560337096452713,0.7049500942230225,0.3953199088573456,-0.1832403689622879,0.4986523389816284,0.43456903100013733,-0.0049071661196649075,0.49914008378982544,0.2528131604194641,-0.030272556468844414,0.5022516250610352,0.1385633945465088,-0.05203850567340851,0.498532235622406,0.0335274338722229,-0.065516397356987,0.4095032215118408,0.45119020342826843,-0.02706027776002884,0.36024779081344604,0.2945944368839264,-0.05191495269536972,0.32797771692276,0.18904507160186768,-0.06727876514196396,0.3025933802127838,0.10495254397392273,-0.07502543926239014,0.32529711723327637,0.5054347515106201,-0.05955882743000984,0.2599847614765167,0.394400954246521,-0.07433478534221649,0.21284154057502747,0.31759610772132874,-0.07261686027050018,0.17587536573410034,0.2518017292022705,-0.06871302425861359,yaw_r
0.48249563574790955,0.9142958521842957,2.9979150895087514e-07,0.635822594165802,0.8246959447860718,-0.0708947628736496,0.7423332929611206,0.6419982314109802,-0.10181225091218948,0.7690097093582153,0.4733029007911682,-0.1333240121603012,0.6642358303070068,0.4090338349342346,-0.156423881649971,0.5949496626853943,0.46115565299987793,4.5244178181746975e-05,0.6025777459144592,0.3045772910118103,-0.08586989343166351,0.6234420537948608,0.3603628873825073,-0.1619204729795456,0.628178060054779,0.44445672631263733,-0.19604110717773438,0.49359339475631714,0.4469607174396515,0.002259837929159403,0.49324142932891846,0.26015710830688477,-0.027886807918548584,0.49487602710723877,0.14694678783416748,-0.06508981436491013,0.4889875650405884,0.03809860348701477,-0.0927455797791481,0.4037277400493622,0.469723641872406,-0.01657598465681076,0.3729711174964905,0.3074762225151062,-0.04360589757561684,0.3603719472885132,0.19392171502113342,-0.07218002527952194,0.3475399613380432,0.09065353870391846,-0.0930527076125145,0.31558799743652344,0.5269219279289246,-0.046004168689250946,0.2747634947299957,0.4040013551712036,-0.05936490744352341,0.2462470531463623,0.3224218785762787,-0.06232621520757675,0.22154942154884338,0.2420978844165802,-0.06601383537054062,yaw_r
0.5311410427093506,0.828520655632019,6.089778139539703e-07,0.632392406463623,0.7509596943855286,-0.09182994812726974,0.6985301375389099,0.6109551787376404,-0.13666395843029022,0.6705198287963867,0.46777090430259705,-0.17546787858009338,0.5797016024589539,0.3972441554069519,-0.20281928777694702,0.6752598285675049,0.4472822844982147,-0.02653530426323414,0.6894258260726929,0.33315309882164,-0.09950322657823563,0.6571533679962158,0.3785865008831024,-0.15468333661556244,0.6249624490737915,0.44889694452285767,-0.17386721074581146,0.5791694521903992,0.4214054346084595,-0.010515537112951279,0.6004263162612915,0.2472379207611084,-0.02622644230723381,0.5953750610351562,0.14267906546592712,-0.034068334847688675,0.5875684022903442,0.03369623422622681,-0.03514751419425011,0.49297088384628296,0.4346732795238495,-0.015341922640800476,0.4716106057167053,0.2948952317237854,-0.03589498996734619,0.4572914242744446,0.19828011095523834,-0.04264713451266289,0.4426933228969574,0.11929163336753845,-0.04163537919521332,0.4019537568092346,0.485538125038147,-0.03204315900802612,0.3438536524772644,0.3836696743965149,-0.04958349093794823,0.3065767288208008,0.30999261140823364,-0.04558964818716049,0.27409565448760986,0.2450893670320511,-0.03637418523430824,yaw_r
0.5268548727035522,0.8885914087295532,4.983766075383755e-07,0.6694322824478149,0.7938045263290405,-0.06315766274929047,0.765117883682251,0.6272981762886047,-0.09173005074262619,0.7929616570472717,0.4690707325935364,-0.12202160060405731,0.702741265296936,0.3995652496814728,-0.1449635624885559,0.6351321339607239,0.4501141309738159,-0.004904592875391245,0.636435866355896,0.3007650375366211,-0.08198954910039902,0.6503710746765137,0.3367270231246948,-0.1458468735218048,0.6593255996704102,0.4121883511543274,-0.17239099740982056,0.5305453538894653,0.4360298812389374,-0.002721027936786413,0.5245751738548279,0.25119566917419434,-0.02989928610622883,0.5168662667274475,0.1359175443649292,-0.05894298478960991,0.5056759119033813,0.030768513679504395,-0.07897257804870605,0.43970972299575806,0.46040746569633484,-0.0190531425178051,0.38412734866142273,0.31085363030433655,-0.04334055632352829,0.34914731979370117,0.21166940033435822,-0.06843306869268417,0.32324928045272827,0.12775197625160217,-0.0854339674115181,0.3553033173084259,0.5237159729003906,-0.04483717307448387,0.28727811574935913,0.4266803562641144,-0.0582406185567379,0.239802747964859,0.3595997095108032,-0.061813268810510635,0.20161467790603638,0.2974892556667328,-0.06418921053409576,yaw_r
0.6931295394897461,0.9465131163597107,8.819750405564264e-07,0.7910524010658264,0.8755645155906677,-0.11256777495145798,0.8561477661132812,0.725379228591919,-0.18125303089618683,0.7996246218681335,0.6294736266136169,-0.23882028460502625,0.6798229813575745,0.639517605304718,-0.2870682179927826,0.7150447964668274,0.5160124897956848,-0.1325570046901703,0.6880365610122681,0.40344351530075073,-0.24327661097049713,0.6870754361152649,0.5094801187515259,-0.3162558972835541,0.6740531921386719,0.604904055595398,-0.3510958254337311,0.6068716049194336,0.5010678172111511,-0.12710805237293243,0.6016573309898376,0.3121771812438965,-0.20024298131465912,0.6051048636436462,0.18308520317077637,-0.24607664346694946,0.5937517881393433,0.048409849405288696,-0.27626025676727295,0.5069027543067932,0.5467599034309387,-0.1388719379901886,0.40181630849838257,0.3789752125740051,-0.21840986609458923,0.3306005001068115,0.274080753326416,-0.27980729937553406,0.2708473205566406,0.17511841654777527,-0.31550726294517517,0.42458516359329224,0.6415948271751404,-0.15780086815357208,0.2984929382801056,0.5424317717552185,-0.22237658500671387,0.21449428796768188,0.48183077573776245,-0.256958931684494,0.137874037027359,0.42331090569496155,-0.2780856490135193,yaw_r
0.5307691097259521,0.9267621040344238,6.383893378369976e-07,0.6627174019813538,0.8689818382263184,-0.08536366373300552,0.7881280183792114,0.7100117206573486,-0.12951207160949707,0.8139561414718628,0.5506073832511902,-0.1694885939359665,0.7014908790588379,0.49757444858551025,-0.20061340928077698,0.661329448223114,0.5040207505226135,-0.05240139737725258,0.6827563643455505,0.3578280210494995,-0.14256764948368073,0.6883532404899597,0.4128750264644623,-0.20789523422718048,0.6788358092308044,0.49855613708496094,-0.23324353992938995,0.5569843053817749,0.48089519143104553,-0.04851384088397026,0.5733518004417419,0.28460147976875305,-0.08389285951852798,0.5808272361755371,0.16165247559547424,-0.11236601322889328,0.5827677845954895,0.03998878598213196,-0.13030476868152618,0.4641339182853699,0.4987685978412628,-0.06334876269102097,0.4247363805770874,0.3297312259674072,-0.10142994672060013,0.40110868215560913,0.22000828385353088,-0.13398008048534393,0.38189277052879333,0.12809059023857117,-0.1538831889629364,0.3699234127998352,0.5628889799118042,-0.08783793449401855,0.2883511483669281,0.4592054486274719,-0.11909449100494385,0.22865155339241028,0.3887104094028473,-0.13195733726024628,0.17593848705291748,0.3220268487930298,-0.13823473453521729,yaw_r
0.5082283616065979,0.9015689492225647,6.262143870117143e-07,0.6462753415107727,0.8283636569976807,-0.06883551180362701,0.7489132881164551,0.6421516537666321,-0.09514673799276352,0.7936168313026428,0.4715140163898468,-0.12042240798473358,0.6944557428359985,0.4161582589149475,-0.13867288827896118,0.6261584162712097,0.46371057629585266,-0.014540734700858593,0.638634443283081,0.31107616424560547,-0.0859333872795105,0.6628813147544861,0.34829822182655334,-0.14625103771686554,0.6767469644546509,0.42772066593170166,-0.17170409858226776,0.5219859480857849,0.4453091621398926,-0.012101463042199612,0.5339933037757874,0.2586624026298523,-0.02913852594792843,0.5435090661048889,0.14185193181037903,-0.053767550736665726,0.5503671169281006,0.03493949770927429,-0.07293924689292908,0.42845168709754944,0.46737393736839294,-0.02850634790956974,0.4013374447822571,0.30753231048583984,-0.04798952117562294,0.3907766342163086,0.19794899225234985,-0.0772191733121872,0.38637685775756836,0.10785123705863953,-0.10017819702625275,0.3371466398239136,0.5299749970436096,-0.05478629097342491,0.2766728401184082,0.4300937056541443,-0.06921116262674332,0.23131325840950012,0.35720157623291016,-0.07757138460874557,0.1971953809261322,0.28409063816070557,-0.08557361364364624,yaw_r
0.49867919087409973,0.9217647910118103,4.486410034587607e-07,0.6459170579910278,0.8196165561676025,-0.05882631614804268,0.7448458075523376,0.6377149820327759,-0.08491270989179611,0.7762990593910217,0.4748087525367737,-0.11397578567266464,0.6771355867385864,0.4081329107284546,-0.1378219574689865,0.5810801982879639,0.4664266109466553,0.002041399711742997,0.5944284200668335,0.3063175678253174,-0.08408524096012115,0.6314045786857605,0.3444320559501648,-0.16115817427635193,0.655868649482727,0.42423495650291443,-0.1962214708328247,0.48299741744995117,0.4537462294101715,-0.0024493613746017218,0.4862579107284546,0.25891613960266113,-0.03457135707139969,0.49168139696121216,0.13875633478164673,-0.07606373727321625,0.49331438541412354,0.0319274365901947,-0.10714077204465866,0.39578962326049805,0.47910186648368835,-0.026078537106513977,0.3644046485424042,0.307699590921402,-0.057116180658340454,0.3492223918437958,0.1886524111032486,-0.09118694812059402,0.3389211893081665,0.08755800127983093,-0.11556458473205566,0.31183791160583496,0.5407509207725525,-0.058599475771188736,0.27008774876594543,0.41151535511016846,-0.07770955562591553,0.23875027894973755,0.3216128647327423,-0.08489324897527695,0.2137831151485443,0.2359684556722641,-0.09148196130990982,yaw_r
0.5503806471824646,0.9381238222122192,5.235515914137068e-07,0.6800487637519836,0.8707332611083984,-0.07645633071660995,0.8014758825302124,0.7066296339035034,-0.11894094198942184,0.83104407787323,0.5510860085487366,-0.1589461863040924,0.7332465052604675,0.4937245845794678,-0.19260530173778534,0.6792520880699158,0.5013523697853088,-0.049852315336465836,0.6930410265922546,0.3620304763317108,-0.14080680906772614,0.7020677924156189,0.39329373836517334,-0.20743846893310547,0.7016394734382629,0.46666696667671204,-0.23473933339118958,0.5746400952339172,0.4796687960624695,-0.05152825266122818,0.5786669254302979,0.2881770730018616,-0.09119094163179398,0.5743036270141602,0.16192811727523804,-0.1202789768576622,0.561995267868042,0.03721937537193298,-0.1379556804895401,0.48220786452293396,0.49854809045791626,-0.07070668041706085,0.4346061646938324,0.3255131244659424,-0.11557217687368393,0.40336334705352783,0.21079900860786438,-0.14844413101673126,0.37534812092781067,0.11483922600746155,-0.16706636548042297,0.38997822999954224,0.5669667720794678,-0.0983867421746254,0.29192453622817993,0.46075594425201416,-0.13923780620098114,0.22175303101539612,0.38729068636894226,-0.15580660104751587,0.15861466526985168,0.3175842761993408,-0.16284015774726868,yaw_r
0.5352743864059448,0.8789757490158081,6.663224212388741e-07,0.6570149064064026,0.7902517318725586,-0.0665670707821846,0.7468458414077759,0.6462416052818298,-0.10738614201545715,0.7724430561065674,0.5072764158248901,-0.1497255116701126,0.6950246095657349,0.4248296320438385,-0.18716983497142792,0.6304633617401123,0.4664805829524994,-0.03923754394054413,0.6392437815666199,0.32328712940216064,-0.12743860483169556,0.6595363020896912,0.3439629077911377,-0.19345919787883759,0.673546552658081,0.4125500023365021,-0.22029495239257812,0.5309818387031555,0.45119550824165344,-0.044525597244501114,0.527721107006073,0.26215142011642456,-0.08457013219594955,0.5209277868270874,0.14419886469841003,-0.11800402402877808,0.5084198713302612,0.03739577531814575,-0.1395920217037201,0.4425499141216278,0.4752231538295746,-0.06616964191198349,0.398076593875885,0.30887919664382935,-0.1067180410027504,0.370486319065094,0.19843193888664246,-0.13665352761745453,0.3501959443092346,0.10941281914710999,-0.15445125102996826,0.3575561046600342,0.540851891040802,-0.09556989371776581,0.2838011682033539,0.4258649945259094,-0.12586501240730286,0.23834946751594543,0.34460538625717163,-0.13503429293632507,0.20266512036323547,0.27352893352508545,-0.13887369632720947,yaw_r
0.5565668344497681,0.9317978620529175,7.503184633605997e-07,0.6750046014785767,0.8578170537948608,-0.08958128094673157,0.7728530168533325,0.7128063440322876,-0.13604451715946198,0.7977229952812195,0.5694050788879395,-0.18045511841773987,0.7083064913749695,0.49372851848602295,-0.21822011470794678,0.6593677997589111,0.4967699348926544,-0.04772566631436348,0.6602475643157959,0.339415967464447,-0.13385042548179626,0.6804039478302002,0.3594735562801361,-0.19862012565135956,0.6972960233688354,0.44309499859809875,-0.22436566650867462,0.5562648177146912,0.4797002077102661,-0.04171116650104523,0.553482174873352,0.2790772318840027,-0.07388866692781448,0.5461139678955078,0.15533843636512756,-0.10322205722332001,0.5409212708473206,0.043980419635772705,-0.1220707967877388,0.46798694133758545,0.5026172399520874,-0.05494771897792816,0.4298943281173706,0.33043402433395386,-0.08867038786411285,0.40395456552505493,0.21659168601036072,-0.12196984887123108,0.3852207064628601,0.12310558557510376,-0.1437978446483612,0.3779863715171814,0.5709673762321472,-0.079384446144104,0.2982495129108429,0.46698886156082153,-0.11021476984024048,0.23943117260932922,0.3939276337623596,-0.12546797096729279,0.1905958354473114,0.3265819847583771,-0.13362623751163483,yaw_r
0.5444807410240173,0.9256664514541626,7.303632969524188e-07,0.6633880734443665,0.846126914024353,-0.0888158306479454,0.7613436579704285,0.6927841901779175,-0.13409501314163208,0.7861782312393188,0.5401809811592102,-0.17611120641231537,0.6920451521873474,0.46244746446609497,-0.21018485724925995,0.6567056775093079,0.49184566736221313,-0.04048953950405121,0.6552670001983643,0.33831676840782166,-0.12106818705797195,0.6661632061004639,0.36194461584091187,-0.1820678859949112,0.6760501861572266,0.4390270411968231,-0.20623166859149933,0.5534484386444092,0.47320693731307983,-0.033301644027233124,0.5527138113975525,0.2741561830043793,-0.05968695878982544,0.5475615859031677,0.1527090072631836,-0.08528211712837219,0.5448998808860779,0.03743666410446167,-0.10235247015953064,0.4646424651145935,0.49399638175964355,-0.04548971354961395,0.43176203966140747,0.32598575949668884,-0.07569268345832825,0.411848247051239,0.21594594419002533,-0.10664515942335129,0.39734238386154175,0.12353891134262085,-0.12728779017925262,0.3734639286994934,0.5602240562438965,-0.0685560330748558,0.29756468534469604,0.45764681696891785,-0.09711972624063492,0.2415694296360016,0.3852740526199341,-0.11048077791929245,0.19366881251335144,0.3180837631225586,-0.11755795031785965,yaw_r
0.5095082521438599,0.9406068325042725,7.774576715746662e-07,0.6564072966575623,0.8416239619255066,-0.07642883062362671,0.7763230800628662,0.676113486289978,-0.11702755093574524,0.8291953802108765,0.5165566205978394,-0.158830463886261,0.7357316613197327,0.43662670254707336,-0.19586345553398132,0.6060401797294617,0.4961859881877899,-0.022144535556435585,0.620519757270813,0.3443492650985718,-0.10536449402570724,0.6570887565612793,0.36095350980758667,-0.1731707900762558,0.6855945587158203,0.4389283359050751,-0.20065103471279144,0.49828243255615234,0.48106828331947327,-0.021364714950323105,0.5017772316932678,0.2770405411720276,-0.0448467992246151,0.5040700435638428,0.15342336893081665,-0.07278215885162354,0.5097962617874146,0.039880961179733276,-0.09283559024333954,0.40514543652534485,0.5002626180648804,-0.040100838989019394,0.376568078994751,0.3253687620162964,-0.06403440982103348,0.3645171523094177,0.20542706549167633,-0.09033223241567612,0.3598724901676178,0.10896098613739014,-0.10948344320058823,0.31167125701904297,0.5619720220565796,-0.06991106271743774,0.24411457777023315,0.44753095507621765,-0.08787568658590317,0.19647252559661865,0.36635053157806396,-0.09370710700750351,0.15929394960403442,0.2926208972930908,-0.09772323071956635,yaw_r
0.5221704840660095,0.9335022568702698,6.510153980343603e-07,0.6579049825668335,0.8489718437194824,-0.06519550830125809,0.7628952860832214,0.6939253807067871,-0.10197371989488602,0.8122171759605408,0.5474112629890442,-0.14121949672698975,0.7532894611358643,0.4447546601295471,-0.17450140416622162,0.6340336799621582,0.49691370129585266,-0.032438844442367554,0.6720814108848572,0.34760209918022156,-0.12421216070652008,0.718819260597229,0.3842077851295471,-0.19327053427696228,0.7443923950195312,0.4607488811016083,-0.22078731656074524,0.5427857041358948,0.4716089963912964,-0.03965632990002632,0.5640250444412231,0.2774583101272583,-0.079209104180336,0.5797590017318726,0.15660277009010315,-0.1146562471985817,0.5815247297286987,0.04050883650779724,-0.13815543055534363,0.4531334340572357,0.49005240201950073,-0.06500855833292007,0.42364999651908875,0.3078087866306305,-0.10951712727546692,0.40636777877807617,0.18294483423233032,-0.14861522614955902,0.38940000534057617,0.07892483472824097,-0.17224709689617157,0.3622010052204132,0.5517302751541138,-0.09778120368719101,0.28260642290115356,0.4266853630542755,-0.13614541292190552,0.22805336117744446,0.3373860716819763,-0.1545332819223404,0.1809837520122528,0.25831449031829834,-0.16398553550243378,yaw_r
0.5245445370674133,0.8246433734893799,5.721661295865488e-07,0.6224478483200073,0.7442899346351624,-0.07716172188520432,0.6854537725448608,0.5961898565292358,-0.11423806101083755,0.6555630564689636,0.44915905594825745,-0.14691074192523956,0.5685984492301941,0.36895090341567993,-0.16872459650039673,0.666283130645752,0.44565349817276,-0.01859118975698948,0.6830649375915527,0.3179042935371399,-0.08490893989801407,0.6487348079681396,0.3574317693710327,-0.13570745289325714,0.611997663974762,0.4299919307231903,-0.15384165942668915,0.5718564391136169,0.42199626564979553,-0.006806257646530867,0.5905202031135559,0.24641871452331543,-0.021834127604961395,0.5837910175323486,0.1399948000907898,-0.029356881976127625,0.5713647603988647,0.0382649302482605,-0.030775411054491997,0.48701444268226624,0.4340440332889557,-0.013634871691465378,0.4598552882671356,0.2964816093444824,-0.03234371542930603,0.44043654203414917,0.19540449976921082,-0.0373719222843647,0.4183518588542938,0.1125653088092804,-0.03608047217130661,0.3962095379829407,0.4824405610561371,-0.03062550351023674,0.3408118486404419,0.38216930627822876,-0.047883301973342896,0.3045017719268799,0.3077124357223511,-0.042540542781353,0.26992708444595337,0.23756584525108337,-0.03262759745121002,yaw_r
0.5483906269073486,0.9228278398513794,5.791436024082941e-07,0.6792261600494385,0.8594967126846313,-0.08397497236728668,0.7732745409011841,0.6990126371383667,-0.12717166543006897,0.7410122752189636,0.5595077276229858,-0.16597038507461548,0.6214219331741333,0.5379875302314758,-0.1958923488855362,0.6662342548370361,0.5037134885787964,-0.05039771646261215,0.6797276735305786,0.3711756765842438,-0.14493878185749054,0.6658846139907837,0.4466167688369751,-0.21853096783161163,0.6329481601715088,0.5328641533851624,-0.25060999393463135,0.566066324710846,0.47244638204574585,-0.04861319810152054,0.6085483431816101,0.27686232328414917,-0.08631406724452972,0.6307753920555115,0.15586459636688232,-0.11721181869506836,0.6420419216156006,0.03921741247177124,-0.13707877695560455,0.46826979517936707,0.488618403673172,-0.06631849706172943,0.43314605951309204,0.3154259920120239,-0.1089092418551445,0.4097863733768463,0.20090633630752563,-0.1469147801399231,0.3889702558517456,0.09939593076705933,-0.16841547191143036,0.36956068873405457,0.5512847304344177,-0.09287482500076294,0.2997179627418518,0.42791497707366943,-0.12327791005373001,0.2549591660499573,0.3476219177246094,-0.13384899497032166,0.2114834487438202,0.27151504158973694,-0.13860085606575012,yaw_r
0.5290300250053406,0.9104323387145996,4.5886136490480567e-07,0.678540825843811,0.8183203339576721,-0.07326029986143112,0.8046176433563232,0.6685935854911804,-0.11847332864999771,0.8451060056686401,0.5102799534797668,-0.16676262021064758,0.7465090155601501,0.4478716552257538,-0.20946446061134338,0.6404602527618408,0.4710600972175598,-0.0270465649664402,0.6482053995132446,0.31456586718559265,-0.11840066313743591,0.6632079482078552,0.3303137421607971,-0.18854142725467682,0.675321102142334,0.4093025326728821,-0.21557867527008057,0.5305309891700745,0.4534749984741211,-0.02737600728869438,0.5194068551063538,0.252454936504364,-0.0591491162776947,0.499162882566452,0.13793733716011047,-0.08506724238395691,0.4735807478427887,0.03701707720756531,-0.10217829048633575,0.4364924430847168,0.47098010778427124,-0.04721750691533089,0.3786512017250061,0.30777785181999207,-0.07484418153762817,0.33576929569244385,0.20337437093257904,-0.09639386087656021,0.30418330430984497,0.120108962059021,-0.1106991395354271,0.34374165534973145,0.5317689776420593,-0.0779571533203125,0.25563952326774597,0.4292042851448059,-0.09417030215263367,0.19426506757736206,0.3648912310600281,-0.09570077061653137,0.14553704857826233,0.31044524908065796,-0.09591445326805115,yaw_r
0.5489736795425415,0.9356321692466736,7.29336136373604e-07,0.6669198870658875,0.8586331009864807,-0.08308762311935425,0.7684517502784729,0.705127477645874,-0.12668876349925995,0.8069548606872559,0.5604264140129089,-0.16995707154273987,0.7220363020896912,0.48382294178009033,-0.20810428261756897,0.6624195575714111,0.4977419078350067,-0.043040938675403595,0.6653146743774414,0.3420717120170593,-0.12714627385139465,0.685431718826294,0.3520200848579407,-0.19084984064102173,0.6999276280403137,0.4311700761318207,-0.21635690331459045,0.5548127293586731,0.4785528779029846,-0.040670204907655716,0.5522401332855225,0.2755412459373474,-0.06981614977121353,0.5471077561378479,0.15182608366012573,-0.09639991819858551,0.544786810874939,0.04415014386177063,-0.11387835443019867,0.4623093605041504,0.5010261535644531,-0.057218536734580994,0.42459672689437866,0.3257737159729004,-0.08867005258798599,0.4009529948234558,0.21097473800182343,-0.11859146505594254,0.38586342334747314,0.11917915940284729,-0.1386459320783615,0.36860406398773193,0.568854570388794,-0.0847608670592308,0.2851272225379944,0.46008336544036865,-0.11528581380844116,0.22447970509529114,0.38342908024787903,-0.1294505000114441,0.1759810447692871,0.3122871518135071,-0.1370491087436676,yaw_r
0.5274529457092285,0.9335678815841675,4.6570633571718645e-07,0.658503532409668,0.8772004842758179,-0.08436226844787598,0.7834916114807129,0.7077232003211975,-0.12712156772613525,0.8075065612792969,0.5460631847381592,-0.16592617332935333,0.6977763772010803,0.49565261602401733,-0.1961212009191513,0.6719346046447754,0.4985843300819397,-0.05057099089026451,0.6864005923271179,0.3540433347225189,-0.14380082488059998,0.6912424564361572,0.4055420458316803,-0.2109677940607071,0.6838862895965576,0.49035972356796265,-0.2375081181526184,0.5691346526145935,0.4750566780567169,-0.048392653465270996,0.5785568952560425,0.2828483581542969,-0.08674238622188568,0.5815537571907043,0.15998205542564392,-0.11472822725772858,0.576907753944397,0.03539809584617615,-0.13157562911510468,0.4779892861843109,0.49416041374206543,-0.0655459389090538,0.43803200125694275,0.3211628794670105,-0.1098739430308342,0.41530531644821167,0.20853516459465027,-0.14225156605243683,0.39484500885009766,0.1128978431224823,-0.16038097441196442,0.38511741161346436,0.561057448387146,-0.09222159534692764,0.2979584336280823,0.45529302954673767,-0.13210409879684448,0.2349638044834137,0.3799441456794739,-0.1489046812057495,0.1781923770904541,0.3074452877044678,-0.15616895258426666,yaw_r
0.47935402393341064,0.9151824712753296,3.412284286241629e-07,0.6334187984466553,0.8258150815963745,-0.07323585450649261,0.7426045536994934,0.6467732191085815,-0.10552315413951874,0.7681758999824524,0.478684663772583,-0.13758710026741028,0.662604808807373,0.4095377027988434,-0.16054923832416534,0.6038469076156616,0.45955413579940796,-0.0014807784464210272,0.6121495366096497,0.3058593273162842,-0.08332058042287827,0.6218471527099609,0.3666325509548187,-0.15622729063034058,0.6184921264648438,0.45180827379226685,-0.1888790726661682,0.49864569306373596,0.44357913732528687,0.0024505399633198977,0.5010430812835693,0.25761279463768005,-0.02352924644947052,0.5017318725585938,0.1445077359676361,-0.05788351967930794,0.495979905128479,0.0339316725730896,-0.08419395983219147,0.405557245016098,0.4656795859336853,-0.014423120766878128,0.37821802496910095,0.30386024713516235,-0.038606997579336166,0.3665453791618347,0.19164156913757324,-0.06507235020399094,0.3546464145183563,0.09024342894554138,-0.08463045209646225,0.31481868028640747,0.5237611532211304,-0.04197758808732033,0.2770220637321472,0.39812374114990234,-0.053571123629808426,0.2514495551586151,0.31594210863113403,-0.05483020097017288,0.22874420881271362,0.23749853670597076,-0.057112790644168854,yaw_r
0.53421950340271,0.8201406002044678,5.163394121154852e-07,0.6470625400543213,0.7385387420654297,-0.07219935953617096,0.7259529829025269,0.5801753401756287,-0.10626078397035599,0.7115974426269531,0.4329043924808502,-0.1385183334350586,0.6222835779190063,0.3588342070579529,-0.1618557572364807,0.6598395705223083,0.4245426058769226,-0.011212391778826714,0.6833142638206482,0.31146517395973206,-0.08466678112745285,0.671146810054779,0.34717127680778503,-0.1422848403453827,0.6520067453384399,0.4142170250415802,-0.16400203108787537,0.5587899088859558,0.40027037262916565,-0.0057185981422662735,0.5701103806495667,0.23200805485248566,-0.024834228679537773,0.5650877356529236,0.12868544459342957,-0.036863863468170166,0.5554217100143433,0.029899418354034424,-0.041253626346588135,0.46960851550102234,0.417021781206131,-0.01965479552745819,0.4316557049751282,0.2782767713069916,-0.04425900802016258,0.41084834933280945,0.18770940601825714,-0.05057321861386299,0.39277562499046326,0.11070805788040161,-0.049224238842725754,0.38006389141082764,0.47424089908599854,-0.043697915971279144,0.3138483464717865,0.3733031153678894,-0.06377676874399185,0.2777669429779053,0.3019059896469116,-0.058761902153491974,0.2481905221939087,0.23319673538208008,-0.04918370395898819,yaw_r
0.48289546370506287,0.9362716674804688,8.307355301440111e-07,0.6339135766029358,0.8431137800216675,-0.07179047167301178,0.7593434453010559,0.6873570680618286,-0.11044017970561981,0.8265040516853333,0.5338589549064636,-0.1504991203546524,0.7521608471870422,0.44177985191345215,-0.1861620843410492,0.5935933589935303,0.5025830268859863,-0.020036624744534492,0.6175675392150879,0.351576566696167,-0.09979616105556488,0.652607798576355,0.3617914617061615,-0.16657036542892456,0.6773325204849243,0.4274201989173889,-0.19457274675369263,0.4915752410888672,0.4838414192199707,-0.021105514839291573,0.5147557258605957,0.28219687938690186,-0.047153547406196594,0.5295166969299316,0.15702366828918457,-0.08030713349580765,0.5422705411911011,0.044905632734298706,-0.10497115552425385,0.39913514256477356,0.49805963039398193,-0.04077564552426338,0.3811403512954712,0.32378268241882324,-0.06844072043895721,0.37411680817604065,0.20200781524181366,-0.10234420001506805,0.37355679273605347,0.10485872626304626,-0.12675274908542633,0.3037682771682739,0.5522827506065369,-0.07007905840873718,0.2387906312942505,0.4307945668697357,-0.09108398109674454,0.19279450178146362,0.34562838077545166,-0.10144864767789841,0.1579764187335968,0.2676178216934204,-0.10925456136465073,yaw_r
0.5247476100921631,0.8790819644927979,5.157786517884233e-07,0.6386811137199402,0.8066006302833557,-0.07980888336896896,0.7356148958206177,0.6623131036758423,-0.11985370516777039,0.7447933554649353,0.5247936248779297,-0.1563064604997635,0.6623998880386353,0.45001092553138733,-0.18537811934947968,0.634307861328125,0.46875590085983276,-0.046183932572603226,0.6399173736572266,0.32220709323883057,-0.13087739050388336,0.6370190382003784,0.36209559440612793,-0.19641995429992676,0.6261405944824219,0.4384720027446747,-0.22444896399974823,0.5368216633796692,0.45340150594711304,-0.042794112116098404,0.532783031463623,0.2647320032119751,-0.08049929887056351,0.5217052698135376,0.14418166875839233,-0.11804602295160294,0.5057123899459839,0.03459617495536804,-0.14364196360111237,0.45088788866996765,0.47754496335983276,-0.056020695716142654,0.414137065410614,0.31641846895217896,-0.09411489218473434,0.3884744346141815,0.21046294271945953,-0.12982311844825745,0.3688565194606781,0.12015226483345032,-0.15259812772274017,0.36650580167770386,0.5450335144996643,-0.07773787528276443,0.3003845810890198,0.43671855330467224,-0.10724123567342758,0.2571926414966583,0.36232656240463257,-0.11866496503353119,0.2213376760482788,0.2946350574493408,-0.12441462278366089,yaw_r
0.5219594240188599,0.9263570308685303,6.666081162620685e-07,0.6550432443618774,0.8498806357383728,-0.06574972718954086,0.7619355916976929,0.6943385601043701,-0.10159137099981308,0.8181134462356567,0.5497804284095764,-0.13814367353916168,0.7548421025276184,0.4551136791706085,-0.16913388669490814,0.6382607221603394,0.4981731176376343,-0.039356935769319534,0.6685142517089844,0.34763720631599426,-0.12455190718173981,0.7094698548316956,0.37777119874954224,-0.18853779137134552,0.7326722145080566,0.45139002799987793,-0.2149641513824463,0.5440731048583984,0.47218450903892517,-0.045069608837366104,0.561833918094635,0.27870067954063416,-0.08147986233234406,0.5777808427810669,0.15882977843284607,-0.11507324874401093,0.5816736817359924,0.04673445224761963,-0.13878926634788513,0.4535336196422577,0.48833969235420227,-0.0678340420126915,0.4241372346878052,0.3060469627380371,-0.11012595891952515,0.4054639935493469,0.18228057026863098,-0.15028369426727295,0.38659387826919556,0.08133921027183533,-0.17630735039710999,0.3630151152610779,0.5473212599754333,-0.09776552766561508,0.2848397195339203,0.42377984523773193,-0.13581904768943787,0.2298448383808136,0.33652544021606445,-0.1562802940607071,0.18280237913131714,0.25683146715164185,-0.1685679703950882,yaw_r
0.4283238649368286,0.8759517669677734,7.208304282357858e-07,0.5743585824966431,0.8423942923545837,-0.07927198708057404,0.7134019136428833,0.7447776794433594,-0.11552196741104126,0.7594363689422607,0.6388350129127502,-0.14906413853168488,0.6849387288093567,0.5673982501029968,-0.17156632244586945,0.6338537931442261,0.5044812560081482,-0.03796842321753502,0.7064047455787659,0.4043182134628296,-0.12061657756567001,0.679755687713623,0.4665975272655487,-0.18411344289779663,0.6297746896743774,0.5439382791519165,-0.21097798645496368,0.5086668133735657,0.44731053709983826,-0.03505038097500801,0.5380427241325378,0.2516154944896698,-0.07655490189790726,0.5550650358200073,0.1472645401954651,-0.109223872423172,0.5648819804191589,0.0524212121963501,-0.1291298270225525,0.3951941728591919,0.4467698335647583,-0.0489359088242054,0.3778626322746277,0.2852999269962311,-0.08388189971446991,0.37410759925842285,0.1870141625404358,-0.10394857078790665,0.3751673400402069,0.09854748845100403,-0.11395534873008728,0.2843969464302063,0.49570411443710327,-0.0727958083152771,0.24649149179458618,0.37268176674842834,-0.08937100321054459,0.22437691688537598,0.2887393534183502,-0.08637046813964844,0.21475517749786377,0.20973053574562073,-0.08159983903169632,yaw_r
0.5166549682617188,0.9434674978256226,5.768047799392662e-07,0.65875244140625,0.8428918123245239,-0.08016443252563477,0.7735970616340637,0.6745957136154175,-0.12182759493589401,0.8046534657478333,0.5086308717727661,-0.16354405879974365,0.7017300128936768,0.42795583605766296,-0.20035015046596527,0.6262722611427307,0.49058306217193604,-0.01863948442041874,0.6296995878219604,0.33904409408569336,-0.1046222597360611,0.6485933661460876,0.36781182885169983,-0.1768905222415924,0.6632693409919739,0.4530642032623291,-0.20795938372612,0.5167848467826843,0.4747057259082794,-0.01553905289620161,0.5135963559150696,0.275212824344635,-0.04178033024072647,0.5054855346679688,0.1538970172405243,-0.0758882462978363,0.5014323592185974,0.043262362480163574,-0.10125146806240082,0.42212599515914917,0.4969358444213867,-0.03275640681385994,0.3917050361633301,0.3299972116947174,-0.06072094291448593,0.3720923066139221,0.21344304084777832,-0.09404102712869644,0.3609883487224579,0.1178852915763855,-0.11830594390630722,0.3270091414451599,0.5614649653434753,-0.0606556311249733,0.2609464228153229,0.4525223970413208,-0.08215540647506714,0.21266210079193115,0.37398624420166016,-0.09173396974802017,0.1736418604850769,0.299729585647583,-0.09891609102487564,yaw_r
0.539776623249054,0.8754074573516846,7.404750022033113e-07,0.6607398986816406,0.7907934784889221,-0.0687345638871193,0.7508713006973267,0.648163914680481,-0.11039397120475769,0.775808572769165,0.5117169618606567,-0.15345193445682526,0.7030626535415649,0.4256710112094879,-0.19098490476608276,0.6280387043952942,0.46515020728111267,-0.04024689644575119,0.6382924914360046,0.31975048780441284,-0.1289413571357727,0.663618803024292,0.3396730422973633,-0.19460450112819672,0.6814873814582825,0.40943634510040283,-0.22092905640602112,0.5294721126556396,0.45038819313049316,-0.044965773820877075,0.5273668766021729,0.26124441623687744,-0.08644724637269974,0.5219547152519226,0.14162233471870422,-0.12190918624401093,0.5107276439666748,0.032018035650253296,-0.1449233740568161,0.4421519935131073,0.47438380122184753,-0.06628899276256561,0.39850664138793945,0.3099634349346161,-0.10838063806295395,0.37179261445999146,0.1996673047542572,-0.14172933995723724,0.35130876302719116,0.11066144704818726,-0.16191475093364716,0.35849976539611816,0.5402086973190308,-0.09538376331329346,0.28665587306022644,0.42726781964302063,-0.12683917582035065,0.23955148458480835,0.3470037579536438,-0.13865989446640015,0.20151829719543457,0.276183158159256,-0.1445886492729187,yaw_r
0.5321584343910217,0.9292032718658447,6.106134833316901e-07,0.6641681790351868,0.8665030002593994,-0.0859074667096138,0.7903103828430176,0.710657000541687,-0.13270054757595062,0.8093653917312622,0.552672266960144,-0.17467398941516876,0.6963982582092285,0.49903735518455505,-0.2079409658908844,0.666714608669281,0.5057746767997742,-0.05822734162211418,0.6843715906143188,0.3635210692882538,-0.15039190649986267,0.6838316321372986,0.4201151132583618,-0.218109592795372,0.6698548793792725,0.5017049908638,-0.24654123187065125,0.5610682964324951,0.48116907477378845,-0.055436402559280396,0.5780465006828308,0.28776150941848755,-0.0941573828458786,0.5845934748649597,0.16555312275886536,-0.12614542245864868,0.5856842398643494,0.041761428117752075,-0.14752860367298126,0.4668924808502197,0.4993162751197815,-0.07051174342632294,0.4254688620567322,0.32945725321769714,-0.11171772330999374,0.3975600004196167,0.22008256614208221,-0.14598716795444489,0.37372294068336487,0.1263064444065094,-0.16755333542823792,0.3705812692642212,0.5655726790428162,-0.09492412954568863,0.2883611023426056,0.45851996541023254,-0.1290830820798874,0.22994157671928406,0.38637104630470276,-0.14291302859783173,0.17686673998832703,0.31812381744384766,-0.15007811784744263,yaw_r
0.5097942352294922,0.8947160243988037,7.199582228167856e-07,0.6476155519485474,0.8193716406822205,-0.06669177114963531,0.7513851523399353,0.63889080286026,-0.09556715935468674,0.7963740825653076,0.47190144658088684,-0.12407085299491882,0.6967366337776184,0.4169646203517914,-0.14595678448677063,0.6232466101646423,0.46099016070365906,-0.018894415348768234,0.6368687748908997,0.3087928295135498,-0.09313551336526871,0.6657204627990723,0.34189844131469727,-0.15314678847789764,0.6832897663116455,0.42079177498817444,-0.17726050317287445,0.5199909210205078,0.442665696144104,-0.01832243986427784,0.5349023938179016,0.2549259662628174,-0.038199182599782944,0.5451568961143494,0.13781529664993286,-0.061143964529037476,0.5522306561470032,0.03139445185661316,-0.07759866118431091,0.4269982576370239,0.4637559950351715,-0.03609360754489899,0.4006527364253998,0.29999881982803345,-0.05753917992115021,0.3900066614151001,0.19040447473526,-0.08418133854866028,0.38529521226882935,0.10296249389648438,-0.10404850542545319,0.3365079164505005,0.5260306596755981,-0.06336438655853271,0.2730449140071869,0.42486339807510376,-0.0788285955786705,0.22713351249694824,0.35185661911964417,-0.08570310473442078,0.19338709115982056,0.2814524173736572,-0.09146939963102341,yaw_r
0.5348523259162903,0.9246532917022705,5.335060677680303e-07,0.6676167249679565,0.841962456703186,-0.061471015214920044,0.7721407413482666,0.687547504901886,-0.09830310940742493,0.8241764307022095,0.5438363552093506,-0.13661621510982513,0.7643603086471558,0.4547007381916046,-0.17011652886867523,0.6455076932907104,0.49932047724723816,-0.04111051186919212,0.68526291847229,0.3519602417945862,-0.13221921026706696,0.7236657738685608,0.3814374506473541,-0.2003278136253357,0.7449478507041931,0.45221325755119324,-0.2277832180261612,0.5541964173316956,0.4745446741580963,-0.049531470984220505,0.5717652440071106,0.2805219292640686,-0.09164257347583771,0.582689106464386,0.16153207421302795,-0.12594349682331085,0.5818080902099609,0.04795929789543152,-0.14826367795467377,0.46473902463912964,0.4918000102043152,-0.07449935376644135,0.4303904175758362,0.3104431629180908,-0.1201484352350235,0.40625348687171936,0.1890261471271515,-0.1584746539592743,0.3836718201637268,0.08539566397666931,-0.1816065013408661,0.37532246112823486,0.5519144535064697,-0.10610588639974594,0.28979676961898804,0.4308176636695862,-0.14430393278598785,0.23065054416656494,0.3457505702972412,-0.16203360259532928,0.17778697609901428,0.26769834756851196,-0.17146717011928558,yaw_r
0.5351327061653137,0.933000922203064,5.816739303554641e-07,0.6415759325027466,0.8627707958221436,-0.09702946990728378,0.7289941906929016,0.7354613542556763,-0.15957777202129364,0.7422881722450256,0.6151419281959534,-0.2193680852651596,0.673022985458374,0.5230214595794678,-0.2697127163410187,0.6433914303779602,0.4961085915565491,-0.07361854612827301,0.6530988216400146,0.35570868849754333,-0.1872757524251938,0.6436998844146729,0.4151937961578369,-0.2749980092048645,0.6218751668930054,0.5060259103775024,-0.31388750672340393,0.5437241196632385,0.47345617413520813,-0.06807757914066315,0.5519702434539795,0.27920249104499817,-0.12152763456106186,0.5498287081718445,0.15705212950706482,-0.16177798807621002,0.5391459465026855,0.04143992066383362,-0.18773651123046875,0.45472252368927,0.49777859449386597,-0.08258931338787079,0.3969556987285614,0.33740049600601196,-0.12908828258514404,0.35762202739715576,0.23172242939472198,-0.15662075579166412,0.3256104290485382,0.13599443435668945,-0.17181527614593506,0.37278100848197937,0.5688983201980591,-0.10865072906017303,0.2995765209197998,0.44299089908599854,-0.13984452188014984,0.2573281526565552,0.3589599132537842,-0.14457747340202332,0.2216879427433014,0.2809062600135803,-0.14436621963977814,yaw_r
0.5309723615646362,0.8805369138717651,5.969142193862353e-07,0.6558210849761963,0.7896092534065247,-0.06681156903505325,0.7490434050559998,0.6470136046409607,-0.1070997416973114,0.7747795581817627,0.5104146003723145,-0.14849844574928284,0.6975828409194946,0.4289752244949341,-0.1845041811466217,0.6282175779342651,0.46728089451789856,-0.03806851804256439,0.6432504653930664,0.3251604437828064,-0.12724696099758148,0.6646997332572937,0.3586379885673523,-0.19639119505882263,0.6765406727790833,0.43244752287864685,-0.22543922066688538,0.5305769443511963,0.45074647665023804,-0.0429336242377758,0.5284711718559265,0.26287180185317993,-0.08240953087806702,0.5229614973068237,0.14614933729171753,-0.11849584430456161,0.51058429479599,0.041179776191711426,-0.14273402094841003,0.4418950378894806,0.4748552143573761,-0.06427684426307678,0.4002607762813568,0.307320773601532,-0.10486900061368942,0.37629589438438416,0.1968780755996704,-0.1373676210641861,0.3588305711746216,0.10725963115692139,-0.15701329708099365,0.3568626046180725,0.540871798992157,-0.09318052977323532,0.28378769755363464,0.42545753717422485,-0.12367962300777435,0.2389964759349823,0.3451346158981323,-0.13347338140010834,0.20300564169883728,0.27577948570251465,-0.1377619355916977,yaw_r
0.529209554195404,0.8913583755493164,7.574935239063052e-07,0.6620777249336243,0.8053653240203857,-0.06228252500295639,0.7601756453514099,0.6245985627174377,-0.09128880500793457,0.8140232563018799,0.46225446462631226,-0.12222696095705032,0.7186174392700195,0.4090087413787842,-0.14744733273983002,0.6145760416984558,0.45352619886398315,-0.014788217842578888,0.639652669429779,0.3055773377418518,-0.09066518396139145,0.6796859502792358,0.33746984601020813,-0.15229684114456177,0.7037393450737,0.4140555262565613,-0.17685379087924957,0.5123130679130554,0.43906140327453613,-0.018511874601244926,0.5272891521453857,0.25416797399520874,-0.0384124219417572,0.5342689156532288,0.13813143968582153,-0.06129244714975357,0.5355370044708252,0.03362363576889038,-0.07750749588012695,0.4198429584503174,0.46435850858688354,-0.040748678147792816,0.39109039306640625,0.30162256956100464,-0.06281554698944092,0.3765155076980591,0.18861830234527588,-0.08793629705905914,0.3673509955406189,0.09942466020584106,-0.10610871016979218,0.3315396308898926,0.5288678407669067,-0.07239355891942978,0.2646629810333252,0.4260956943035126,-0.08886226266622543,0.2152644395828247,0.3505191504955292,-0.09448248893022537,0.17918580770492554,0.27830126881599426,-0.09865132719278336,yaw_r
0.5239745378494263,0.943824827671051,6.803700216551078e-07,0.664515495300293,0.8439843058586121,-0.06628255546092987,0.7816271185874939,0.6777724027633667,-0.10211615264415741,0.8393820524215698,0.5240283608436584,-0.1401185691356659,0.7544782757759094,0.44953054189682007,-0.1743461638689041,0.6041526794433594,0.49714502692222595,-0.024408411234617233,0.6149107217788696,0.34242844581604004,-0.10955420881509781,0.6537150740623474,0.35984307527542114,-0.18054921925067902,0.6862186789512634,0.43337830901145935,-0.21135908365249634,0.5002304315567017,0.48554933071136475,-0.02980133704841137,0.5054830312728882,0.28126513957977295,-0.060773298144340515,0.5099023580551147,0.1528879702091217,-0.09779989719390869,0.513157069683075,0.040397316217422485,-0.12534388899803162,0.4088067412376404,0.5084189772605896,-0.052936211228370667,0.3764517605304718,0.333712100982666,-0.08398333936929703,0.3589257597923279,0.21073321998119354,-0.12106119096279144,0.35047268867492676,0.1107877790927887,-0.14798232913017273,0.3187967836856842,0.5712289214134216,-0.08522137254476547,0.24514499306678772,0.45672205090522766,-0.10865787416696548,0.19217121601104736,0.3758193850517273,-0.12055531144142151,0.15222936868667603,0.299219012260437,-0.12980231642723083,yaw_r
0.5010368824005127,0.9095052480697632,6.186380687722703e-07,0.6441318392753601,0.8270738124847412,-0.07354316860437393,0.7738437652587891,0.6903449296951294,-0.11989571899175644,0.829382598400116,0.541469395160675,-0.16908130049705505,0.7405001521110535,0.4690757691860199,-0.21220126748085022,0.6241074800491333,0.4780119061470032,-0.024642230942845345,0.6417034864425659,0.3278602957725525,-0.11620868742465973,0.6560130715370178,0.34043410420417786,-0.1862989366054535,0.663020133972168,0.4151804447174072,-0.21277184784412384,0.5191130042076111,0.45731884241104126,-0.02455279231071472,0.5214868187904358,0.26071232557296753,-0.06128828972578049,0.5093007683753967,0.1413334310054779,-0.08952271938323975,0.4910404086112976,0.03655576705932617,-0.10566123574972153,0.428231805562973,0.471149742603302,-0.043919842690229416,0.3784720301628113,0.3053154945373535,-0.07611123472452164,0.3409891128540039,0.19649264216423035,-0.0998087152838707,0.3132587671279907,0.11033114790916443,-0.11326823383569717,0.3380473256111145,0.5281205177307129,-0.0736083909869194,0.25498467683792114,0.4249584972858429,-0.09375529736280441,0.19775238633155823,0.3552057445049286,-0.09772513061761856,0.15470677614212036,0.29541170597076416,-0.09756854176521301,yaw_r
0.536217451095581,0.9210097789764404,5.460993861561292e-07,0.6685129404067993,0.8409091234207153,-0.06190505996346474,0.7707121968269348,0.6898391842842102,-0.0990554690361023,0.8209238052368164,0.5470243096351624,-0.13739743828773499,0.7623279690742493,0.4562459886074066,-0.17105993628501892,0.6488362550735474,0.4982275664806366,-0.044764839112758636,0.6877519488334656,0.35396337509155273,-0.13585636019706726,0.7250279188156128,0.38227561116218567,-0.2032383233308792,0.7465932965278625,0.4531347155570984,-0.2300555258989334,0.5560961365699768,0.47267448902130127,-0.05265975743532181,0.5742400288581848,0.2787153720855713,-0.09433777630329132,0.5844354629516602,0.16079139709472656,-0.12686017155647278,0.5843315124511719,0.04927396774291992,-0.14762017130851746,0.46528059244155884,0.48996350169181824,-0.07687503844499588,0.43148699402809143,0.30789440870285034,-0.12254039198160172,0.4066048860549927,0.188856303691864,-0.15991145372390747,0.38465696573257446,0.08863711357116699,-0.18205560743808746,0.3761351704597473,0.550882875919342,-0.10762596130371094,0.29074692726135254,0.43048715591430664,-0.14620810747146606,0.23109778761863708,0.34706175327301025,-0.16347967088222504,0.17835596203804016,0.2711973190307617,-0.17213153839111328,yaw_r
0.5382196307182312,0.9285398721694946,9.048034712577646e-07,0.6427411437034607,0.8550272583961487,-0.11924487352371216,0.7157150506973267,0.7280219197273254,-0.19370484352111816,0.7125377655029297,0.5980011820793152,-0.26360028982162476,0.6228764057159424,0.5043807029724121,-0.3226407766342163,0.6403132677078247,0.490340918302536,-0.06966867297887802,0.6454594135284424,0.3565167784690857,-0.18067628145217896,0.6272596716880798,0.39990007877349854,-0.2630150020122528,0.6040617227554321,0.48790761828422546,-0.2954266667366028,0.5424656271934509,0.471396803855896,-0.050451867282390594,0.5542372465133667,0.27826040983200073,-0.09355205297470093,0.549106240272522,0.15973690152168274,-0.11917323619127274,0.5372989177703857,0.03780749440193176,-0.13196761906147003,0.45872771739959717,0.4930497407913208,-0.05579344555735588,0.4058600068092346,0.3371153473854065,-0.09455166757106781,0.36999326944351196,0.2295573353767395,-0.11371660232543945,0.3391687273979187,0.1342989206314087,-0.12194161862134933,0.3782610297203064,0.5566616058349609,-0.07600922882556915,0.31472668051719666,0.4418087899684906,-0.10084649920463562,0.2731519043445587,0.3599124550819397,-0.1031331792473793,0.23739829659461975,0.28756487369537354,-0.10049989074468613,yaw_r
0.4522845149040222,0.8863973617553711,8.031885272430372e-07,0.6033052206039429,0.8465595245361328,-0.0998287945985794,0.7413298487663269,0.750503659248352,-0.15853433310985565,0.7761311531066895,0.6411696076393127,-0.21035049855709076,0.6857621073722839,0.5751479268074036,-0.251943439245224,0.6448540687561035,0.49662160873413086,-0.07125315815210342,0.7036807537078857,0.38952675461769104,-0.1720067709684372,0.6838991045951843,0.45980411767959595,-0.2502831220626831,0.6446595191955566,0.5389466285705566,-0.28542858362197876,0.5176420211791992,0.4507023096084595,-0.06427393108606339,0.5381803512573242,0.2607371211051941,-0.1183667927980423,0.5454520583152771,0.1458214521408081,-0.15745264291763306,0.5460852384567261,0.03427627682685852,-0.18068668246269226,0.40164536237716675,0.460506409406662,-0.07562556862831116,0.36940982937812805,0.2976764440536499,-0.12457645684480667,0.3600359559059143,0.19328951835632324,-0.1529058814048767,0.3548564910888672,0.09579724073410034,-0.16627806425094604,0.29443609714508057,0.5203191041946411,-0.09707929939031601,0.24651090800762177,0.3905876576900482,-0.12178067117929459,0.22459150850772858,0.30609971284866333,-0.11897523701190948,0.21288633346557617,0.22350797057151794,-0.11364611983299255,yaw_r
0.551547646522522,0.9219019412994385,4.552060488549614e-07,0.6781556010246277,0.8600612282752991,-0.08732527494430542,0.7736005783081055,0.6944441795349121,-0.13277177512645721,0.741709291934967,0.554357647895813,-0.1728886216878891,0.6225693821907043,0.5392319560050964,-0.20316193997859955,0.6618422865867615,0.49443966150283813,-0.05778013542294502,0.6719205975532532,0.3539266288280487,-0.15857475996017456,0.6608508825302124,0.4416615962982178,-0.23428121209144592,0.6304305791854858,0.5353460907936096,-0.2661053240299225,0.5600611567497253,0.4683295488357544,-0.053995344787836075,0.5900413990020752,0.2712789475917816,-0.0956692323088646,0.6076171398162842,0.15453410148620605,-0.1255168914794922,0.6112775802612305,0.03638926148414612,-0.14404939115047455,0.46428266167640686,0.4892311990261078,-0.07013856619596481,0.4230835437774658,0.31551826000213623,-0.11335590481758118,0.40132373571395874,0.20343461632728577,-0.14695701003074646,0.3782408833503723,0.10068157315254211,-0.16527467966079712,0.3704270124435425,0.5547255873680115,-0.09573423862457275,0.3003779649734497,0.4301033318042755,-0.12508675456047058,0.2549608647823334,0.3488522171974182,-0.1336967498064041,0.208856463432312,0.2716520130634308,-0.13688579201698303,yaw_r
0.46916481852531433,0.8838876485824585,7.163546342781046e-07,0.6108344793319702,0.8333448171615601,-0.08940921723842621,0.7337099313735962,0.7338311076164246,-0.14527785778045654,0.7706040740013123,0.6283118724822998,-0.1985807716846466,0.6921219229698181,0.5561391711235046,-0.2423834651708603,0.6367930173873901,0.489915132522583,-0.05806654319167137,0.6947050094604492,0.3863987922668457,-0.1620142012834549,0.675245463848114,0.45241856575012207,-0.24269169569015503,0.6345096230506897,0.5343441963195801,-0.27793097496032715,0.5139579176902771,0.4483143389225006,-0.05794699117541313,0.5365250706672668,0.2595841884613037,-0.11002015322446823,0.5446079969406128,0.14752063155174255,-0.1474476009607315,0.5464159846305847,0.03608739376068115,-0.16938035190105438,0.40240734815597534,0.4592573046684265,-0.07668142765760422,0.37833091616630554,0.2949945330619812,-0.12261565774679184,0.36725375056266785,0.1912125051021576,-0.14729483425617218,0.35926640033721924,0.09372571110725403,-0.1584353744983673,0.2986297607421875,0.5198854207992554,-0.10572605580091476,0.2538023889064789,0.3877032399177551,-0.13065721094608307,0.23301991820335388,0.30429112911224365,-0.12782204151153564,0.2208002209663391,0.22458696365356445,-0.12180298566818237,yaw_r
0.4618988335132599,0.8809561729431152,6.507720513582171e-07,0.6085497140884399,0.8144146203994751,-0.07098549604415894,0.7247618436813354,0.7091192603111267,-0.12115354090929031,0.7917535305023193,0.6154500246047974,-0.17315520346164703,0.7368181347846985,0.5557032823562622,-0.2158871442079544,0.5912195444107056,0.48003503680229187,-0.046747300773859024,0.6716758608818054,0.38236457109451294,-0.15549680590629578,0.69865483045578,0.45020243525505066,-0.23901982605457306,0.6859378814697266,0.5397289991378784,-0.27367913722991943,0.47947242856025696,0.44268661737442017,-0.05600368604063988,0.4895448684692383,0.2525554895401001,-0.11222241818904877,0.5018914341926575,0.13707083463668823,-0.14636528491973877,0.5022759437561035,0.03869980573654175,-0.1636374145746231,0.38178759813308716,0.4549882411956787,-0.0836753249168396,0.3318352699279785,0.2903865575790405,-0.13078667223453522,0.3168110251426697,0.1883465051651001,-0.15065382421016693,0.3110277056694031,0.09480810165405273,-0.15593688189983368,0.2946697473526001,0.5144053101539612,-0.1208399087190628,0.23755128681659698,0.3858753740787506,-0.1419839859008789,0.2123958170413971,0.3028776943683624,-0.13380150496959686,0.20485809445381165,0.22535565495491028,-0.1232512891292572,yaw_r
0.5099515914916992,0.9004582166671753,6.192293540152605e-07,0.6517801880836487,0.8263424634933472,-0.06725101917982101,0.7537198066711426,0.6370102763175964,-0.09272708743810654,0.7992978096008301,0.46370911598205566,-0.11756503582000732,0.69792640209198,0.4100068211555481,-0.1355479210615158,0.6272568702697754,0.46167925000190735,-0.011928445659577847,0.6408078074455261,0.3102767765522003,-0.0834830105304718,0.6662987470626831,0.34824416041374207,-0.14446352422237396,0.6811915636062622,0.42628324031829834,-0.17058104276657104,0.5217769145965576,0.44389981031417847,-0.010459167882800102,0.5346834659576416,0.25959551334381104,-0.028326835483312607,0.5445009469985962,0.1434551179409027,-0.054485611617565155,0.5511046051979065,0.03390979766845703,-0.0750560536980629,0.42671656608581543,0.46603795886039734,-0.027836723253130913,0.4005671441555023,0.306002140045166,-0.04827136546373367,0.3904087543487549,0.19639375805854797,-0.07855549454689026,0.3856402039527893,0.10460874438285828,-0.10244613885879517,0.3348444104194641,0.5275449156761169,-0.05484317988157272,0.27418333292007446,0.4268281161785126,-0.06957593560218811,0.22824811935424805,0.35363197326660156,-0.07838115096092224,0.19364789128303528,0.279512494802475,-0.0870598703622818,yaw_r
0.7057888507843018,0.9162940979003906,3.066581371058419e-07,0.809974730014801,0.814075231552124,-0.08445468544960022,0.8600663542747498,0.6407840847969055,-0.13668765127658844,0.794812798500061,0.5196220874786377,-0.1860363781452179,0.6709981560707092,0.5273772478103638,-0.22800028324127197,0.7048284411430359,0.45782729983329773,-0.07371393591165543,0.6744587421417236,0.3259151577949524,-0.17550301551818848,0.677394688129425,0.39764899015426636,-0.2485664337873459,0.6718354821205139,0.4872415065765381,-0.2818387448787689,0.5907573699951172,0.45955902338027954,-0.07701139152050018,0.5518555641174316,0.2636059522628784,-0.12585240602493286,0.516554594039917,0.15101763606071472,-0.1583632528781891,0.470831036567688,0.04211777448654175,-0.1793939173221588,0.49820488691329956,0.5086736679077148,-0.09834186732769012,0.38242998719215393,0.3547009229660034,-0.15316829085350037,0.30575138330459595,0.2592339813709259,-0.19615353643894196,0.23686525225639343,0.17037129402160645,-0.2210993617773056,0.4278651475906372,0.6041961908340454,-0.12756922841072083,0.29484179615974426,0.518273651599884,-0.1730288863182068,0.20849022269248962,0.4627234637737274,-0.19425326585769653,0.1292293667793274,0.4081486463546753,-0.20558588206768036,yaw_r
0.4246739447116852,0.8905400037765503,1.0216423333986313e-06,0.5600302815437317,0.858189046382904,-0.11284734308719635,0.6990285515785217,0.7732806205749512,-0.1763748973608017,0.7046192288398743,0.6552271246910095,-0.23275597393512726,0.5988613367080688,0.5919488668441772,-0.27737191319465637,0.6403781175613403,0.5151283144950867,-0.06003623083233833,0.7252465486526489,0.42163988947868347,-0.16378210484981537,0.6912810206413269,0.4703160226345062,-0.24660444259643555,0.6228234171867371,0.542704701423645,-0.28311651945114136,0.5256698131561279,0.4549742639064789,-0.04877137020230293,0.5826432704925537,0.26803845167160034,-0.09615719318389893,0.608778178691864,0.15691545605659485,-0.1356450766324997,0.6270071864128113,0.05334398150444031,-0.1602894365787506,0.41718292236328125,0.44965308904647827,-0.059143248945474625,0.4305281937122345,0.28874754905700684,-0.10107994079589844,0.4405457377433777,0.1889333426952362,-0.12836802005767822,0.4465658664703369,0.10441088676452637,-0.14274848997592926,0.30520227551460266,0.49571657180786133,-0.0824032574892044,0.29390496015548706,0.3665402829647064,-0.10304365307092667,0.28750038146972656,0.28410714864730835,-0.10029908269643784,0.2862246632575989,0.20864823460578918,-0.09580162167549133,yaw_r
0.5259436368942261,0.9196470975875854,7.160913924053602e-07,0.6336987018585205,0.8498720526695251,-0.10549577325582504,0.7106724977493286,0.7186511754989624,-0.17046768963336945,0.7067632079124451,0.5901798605918884,-0.2302795946598053,0.6229063272476196,0.49626225233078003,-0.2798718810081482,0.6421538591384888,0.4852467179298401,-0.07190616428852081,0.641576886177063,0.34728574752807617,-0.18030692636966705,0.6248420476913452,0.3996429443359375,-0.2627277672290802,0.6054681539535522,0.4886024296283722,-0.2977941632270813,0.5461280941963196,0.46547743678092957,-0.05831260606646538,0.554269015789032,0.2726757228374481,-0.10418558120727539,0.5553651452064514,0.15177738666534424,-0.13428939878940582,0.5484384298324585,0.032646745443344116,-0.15184037387371063,0.46037590503692627,0.487038254737854,-0.06627444177865982,0.4056500792503357,0.32406508922576904,-0.10755150020122528,0.3698996901512146,0.21700739860534668,-0.12942226231098175,0.33789581060409546,0.12095260620117188,-0.13987405598163605,0.3810484707355499,0.5505546927452087,-0.086848184466362,0.3172731399536133,0.4287409782409668,-0.11334450542926788,0.27872124314308167,0.3458971083164215,-0.11532222479581833,0.24388352036476135,0.272225558757782,-0.11255694925785065,yaw_r
0.5225878357887268,0.8800686597824097,5.456633402900479e-07,0.6342096924781799,0.8100293874740601,-0.07677161693572998,0.7339136600494385,0.6636463403701782,-0.11604081094264984,0.7424967288970947,0.5236676931381226,-0.15250109136104584,0.6561535000801086,0.45194175839424133,-0.18224520981311798,0.6346187591552734,0.46835440397262573,-0.04249431565403938,0.6400611996650696,0.32237324118614197,-0.1277693212032318,0.6379771828651428,0.34952664375305176,-0.193325474858284,0.6298550963401794,0.42117589712142944,-0.22073127329349518,0.5361303091049194,0.45227646827697754,-0.040407851338386536,0.5321975946426392,0.2642003893852234,-0.07722657918930054,0.5212441086769104,0.14276444911956787,-0.11213318258523941,0.5066259503364563,0.03316152095794678,-0.1350453495979309,0.4497568607330322,0.47524282336235046,-0.054951492697000504,0.4128674864768982,0.3132252097129822,-0.09207039326429367,0.3872489631175995,0.20723579823970795,-0.12431420385837555,0.3680783212184906,0.11770561337471008,-0.14419443905353546,0.3632596731185913,0.542768120765686,-0.07808173447847366,0.2975662052631378,0.4341335594654083,-0.10717394948005676,0.2545267641544342,0.36002641916275024,-0.11689840257167816,0.21911334991455078,0.29219043254852295,-0.12080948799848557,yaw_r
0.5321160554885864,0.9412050247192383,5.655489303535433e-07,0.668782114982605,0.8431114554405212,-0.0741892009973526,0.7809417843818665,0.6691137552261353,-0.11156752705574036,0.8138542175292969,0.5043330788612366,-0.14901350438594818,0.7118558287620544,0.43003854155540466,-0.1823781132698059,0.625147819519043,0.4909117519855499,-0.022082431241869926,0.6252728700637817,0.337444007396698,-0.10487581044435501,0.6478516459465027,0.36121612787246704,-0.1744443029165268,0.6686251759529114,0.43983766436576843,-0.20473133027553558,0.5180113911628723,0.478243350982666,-0.021902386099100113,0.5102227926254272,0.2779434621334076,-0.04874533787369728,0.5032618045806885,0.15558898448944092,-0.08356861770153046,0.4996977746486664,0.04727596044540405,-0.1096673309803009,0.42523831129074097,0.5027759671211243,-0.040568072348833084,0.389019250869751,0.33419856429100037,-0.06985366344451904,0.36627405881881714,0.2165643870830536,-0.10598490387201309,0.3527408838272095,0.11958739161491394,-0.1323648989200592,0.33328908681869507,0.5684068202972412,-0.06885521858930588,0.26166099309921265,0.45898115634918213,-0.09251416474580765,0.20957514643669128,0.3821226954460144,-0.10458509624004364,0.16735121607780457,0.3081648349761963,-0.11376526206731796,yaw_r
0.49043214321136475,0.955700695514679,5.603492354566697e-07,0.6456418633460999,0.887060284614563,-0.08317621052265167,0.7640003561973572,0.7228903770446777,-0.12553636729717255,0.7999559640884399,0.563273012638092,-0.16704009473323822,0.7035889625549316,0.5038776993751526,-0.20121321082115173,0.6150556802749634,0.49086740612983704,-0.028091691434383392,0.6246694922447205,0.3498058021068573,-0.12065987288951874,0.6397287249565125,0.404205322265625,-0.19895628094673157,0.6424620747566223,0.49263447523117065,-0.2339123785495758,0.5020847320556641,0.46852126717567444,-0.025964437052607536,0.5162262320518494,0.2703377306461334,-0.059774063527584076,0.5167299509048462,0.14930292963981628,-0.09647532552480698,0.5146745443344116,0.03472638130187988,-0.12266901880502701,0.40353667736053467,0.4895241856575012,-0.04429972916841507,0.3705582916736603,0.3157101273536682,-0.07683524489402771,0.3516475558280945,0.20463193953037262,-0.10913541167974472,0.34006479382514954,0.10867729783058167,-0.13057543337345123,0.3080769181251526,0.5592861771583557,-0.07378588616847992,0.24826830625534058,0.430223286151886,-0.09275349229574203,0.21113690733909607,0.3435767590999603,-0.0985179916024208,0.18394413590431213,0.2607390284538269,-0.10288354009389877,yaw_r
